Target,R² Score,MAE,RMSE,RandomState,Model
W. FLY(ABOVE ETL),0.8215802564845065,3.952345679012346,7.0645430218094,0,RandomForest
JASSID(ABOVE ETL),0.6326268647853237,3.2201406035665294,5.4801929885765785,0,RandomForest
THRIPS(ABOVE ETL),0.5973304061310778,1.4417009602194788,3.201748921936585,0,RandomForest
M.BUG(ABOVE ETL),0.8528863760523004,2.5493689986282577,5.054482568267677,0,RandomForest
MITES(ABOVE ETL),-0.3398599930575068,0.019375857338820305,0.19527160923119907,0,RandomForest
APHIDS(ABOVE ETL),-0.10971794254133105,0.027205075445816185,0.3277960342268797,0,RandomForest
DUSKY COTTON BUG(ABOVE ETL),0.4764175303604238,0.8688683127572018,3.565790217685725,0,RandomForest
W. FLY(BELOW ETL),0.828828468099918,9.594334705075447,14.154483802964878,0,RandomForest
JASSID(BELOW ETL),0.8352743825331116,9.652345679012345,14.812299318846858,0,RandomForest
THRIPS(BELOW ETL),0.7513826201401482,12.394495884773661,18.870175273407195,0,RandomForest
MITES(BELOW ETL),0.2663104747025441,1.8055384087791495,5.172372188222532,0,RandomForest
APHIDS(BELOW ETL),0.5538979651971951,1.12,4.989516100692252,0,RandomForest
DUSKY COTTON BUG(BELOW ETL),0.7959053347123668,8.243762002743484,13.045180591306814,0,RandomForest
SBW(ABOVE ETL),0.11708196886100941,0.04403292181069959,0.28293969266347085,0,RandomForest
PBW(ABOVE ETL),0.8074132345364173,1.6975342935528122,3.6643794166156325,0,RandomForest
ABW(ABOVE ETL),-0.49777484386821147,0.03693415637860082,0.2773886162848873,0,RandomForest
Army Worm(ABOVE ETL),0.4941709427675084,1.3306241426611796,2.7238982872505892,0,RandomForest
SBW(BELOW ETL),0.44125660223115903,0.2265912208504801,1.0034286215911212,0,RandomForest
PBW(BELOW ETL),0.7875828802165049,5.226954732510288,8.579126045449135,0,RandomForest
ABW(BELOW ETL),0.3739673107840018,0.5839643347050755,1.818459548715753,0,RandomForest
CLCV(%SPOT),0.813835073907624,2.8775137174211247,6.4605887897534595,0,RandomForest
CLCV(%AREA),0.7287416197457355,3.4605967078189295,8.202080091821065,0,RandomForest
WILT(%SPOT),0.4271139253445456,0.4149794238683127,1.8510174231178569,0,RandomForest
WILT(%AREA),0.3571028230582918,0.3962928669410151,1.8915717602776363,0,RandomForest
W. FLY(ABOVE ETL),0.8180342915308895,3.8940500685871053,6.775402379235399,21,RandomForest
JASSID(ABOVE ETL),0.6218292169398876,3.290048010973937,5.610633783633239,21,RandomForest
THRIPS(ABOVE ETL),0.5858713759401278,1.478028120713306,3.241412993766626,21,RandomForest
M.BUG(ABOVE ETL),0.8535434796661726,2.4167489711934156,4.831741372565177,21,RandomForest
MITES(ABOVE ETL),-0.07336119461453783,0.016906721536351164,0.20548881131950575,21,RandomForest
APHIDS(ABOVE ETL),-0.04623812923753223,0.025377229080932786,0.3117167825730962,21,RandomForest
DUSKY COTTON BUG(ABOVE ETL),0.6194398798345678,0.8093004115226338,2.767265863023094,21,RandomForest
W. FLY(BELOW ETL),0.824960097760613,9.741865569272976,14.467398672478149,21,RandomForest
JASSID(BELOW ETL),0.8484073413070621,9.282873799725651,14.252743901107689,21,RandomForest
THRIPS(BELOW ETL),0.7652743132784947,12.132143347050755,18.32473603786256,21,RandomForest
MITES(BELOW ETL),0.33941214481210547,1.753312757201646,4.844028007642019,21,RandomForest
APHIDS(BELOW ETL),0.5447253233442315,1.035030864197531,4.551487332087873,21,RandomForest
DUSKY COTTON BUG(BELOW ETL),0.7958244698634991,8.383401920438958,13.392156650045914,21,RandomForest
SBW(ABOVE ETL),0.3373701372238753,0.048868312757201646,0.34556270089075525,21,RandomForest
PBW(ABOVE ETL),0.8151479004004993,1.6270747599451303,3.450786569645469,21,RandomForest
ABW(ABOVE ETL),-0.01780806616068986,0.03713991769547325,0.35571466347439146,21,RandomForest
Army Worm(ABOVE ETL),0.48727566398585176,1.2756515775034294,2.6847104816665746,21,RandomForest
SBW(BELOW ETL),0.5245027087755328,0.21878943758573385,0.9916132018647608,21,RandomForest
PBW(BELOW ETL),0.777654106931136,5.279008916323731,8.69842774489713,21,RandomForest
ABW(BELOW ETL),0.45021229855693934,0.5314986282578875,1.695442501044616,21,RandomForest
CLCV(%SPOT),0.825488607855968,2.893189300411523,6.607493895796681,21,RandomForest
CLCV(%AREA),0.7562932926217074,3.3856893004115225,8.260715112097579,21,RandomForest
WILT(%SPOT),0.33299449280263604,0.3838614540466393,1.8567916153625477,21,RandomForest
WILT(%AREA),0.30537128753266884,0.3709945130315501,1.9078445921128693,21,RandomForest
W. FLY(ABOVE ETL),0.8025494244093079,3.917465706447188,7.270290463420054,42,RandomForest
JASSID(ABOVE ETL),0.6035564724618544,3.2701234567901234,5.7432859948991215,42,RandomForest
THRIPS(ABOVE ETL),0.569050730070087,1.4895130315500682,3.297178138388774,42,RandomForest
M.BUG(ABOVE ETL),0.8313586009978791,2.534320987654321,5.250992315913561,42,RandomForest
MITES(ABOVE ETL),-0.37780803615110803,0.017901234567901235,0.18167034768045512,42,RandomForest
APHIDS(ABOVE ETL),-0.15000377075101268,0.02559327846364883,0.27890444351881605,42,RandomForest
DUSKY COTTON BUG(ABOVE ETL),0.5521245063453526,0.8517318244170095,2.984655677466255,42,RandomForest
W. FLY(BELOW ETL),0.8199370828458127,9.89380658436214,14.706372861568695,42,RandomForest
JASSID(BELOW ETL),0.8425463607903314,9.499231824417011,14.592677096014024,42,RandomForest
THRIPS(BELOW ETL),0.7289469727849065,12.784434156378602,19.670575670839483,42,RandomForest
MITES(BELOW ETL),0.3658765207571324,1.80400548696845,4.574684222313277,42,RandomForest
APHIDS(BELOW ETL),0.5920632259325034,1.0297325102880657,4.230431963208495,42,RandomForest
DUSKY COTTON BUG(BELOW ETL),0.7835342995902688,8.436601508916324,13.715609504036463,42,RandomForest
SBW(ABOVE ETL),0.36643926429413964,0.04338134430727023,0.306508055242712,42,RandomForest
PBW(ABOVE ETL),0.8125760373498275,1.6216632373113855,3.5653000872204514,42,RandomForest
ABW(ABOVE ETL),0.017202607376156087,0.0406721536351166,0.40017143102831354,42,RandomForest
Army Worm(ABOVE ETL),0.508415469689636,1.2394238683127572,2.4918672380288625,42,RandomForest
SBW(BELOW ETL),0.45923878954198316,0.24584362139917695,1.2162310229699653,42,RandomForest
PBW(BELOW ETL),0.7988253920943804,5.011519204389574,8.409802658880698,42,RandomForest
ABW(BELOW ETL),0.3862927891591106,0.5871604938271604,2.129324921840469,42,RandomForest
CLCV(%SPOT),0.8150316999223168,2.8029355281207136,6.802745224730423,42,RandomForest
CLCV(%AREA),0.7651051145442449,3.3211179698216737,7.973919232640208,42,RandomForest
WILT(%SPOT),0.4430743366585964,0.3304835390946502,1.454721523843707,42,RandomForest
WILT(%AREA),0.2774408091244088,0.33875857338820303,1.6069623466463347,42,RandomForest
W. FLY(ABOVE ETL),0.7913072555711597,3.8352023319615913,7.057109066358944,77,RandomForest
JASSID(ABOVE ETL),0.5925904791355382,3.415956790123457,6.150552773288723,77,RandomForest
THRIPS(ABOVE ETL),0.49902135241073275,1.4646776406035664,3.1955989540142737,77,RandomForest
M.BUG(ABOVE ETL),0.8448904654497464,2.344701646090535,4.780701900902725,77,RandomForest
MITES(ABOVE ETL),-0.006654173517486317,0.01731824417009602,0.22170464416773464,77,RandomForest
APHIDS(ABOVE ETL),-0.11348696415831871,0.031011659807956105,0.341617681924643,77,RandomForest
DUSKY COTTON BUG(ABOVE ETL),0.6521519836474947,0.7161865569272977,2.5813499621101643,77,RandomForest
W. FLY(BELOW ETL),0.7983056861392118,9.87141975308642,15.485104706267258,77,RandomForest
JASSID(BELOW ETL),0.8291902878854882,9.394098079561042,15.207833254081615,77,RandomForest
THRIPS(BELOW ETL),0.7518263993856109,12.351069958847736,18.895896775543335,77,RandomForest
MITES(BELOW ETL),0.3533560802469483,1.8023491083676269,4.623236834422448,77,RandomForest
APHIDS(BELOW ETL),0.585977033151762,1.201673525377229,4.956480018127383,77,RandomForest
DUSKY COTTON BUG(BELOW ETL),0.7965061944156099,8.080291495198901,13.065904992970152,77,RandomForest
SBW(ABOVE ETL),0.13741591644475482,0.03741426611796982,0.2854556197323197,77,RandomForest
PBW(ABOVE ETL),0.8218492466021912,1.547712620027435,3.3309463624336777,77,RandomForest
ABW(ABOVE ETL),0.0060633926028402785,0.028772290809327847,0.2274010736239439,77,RandomForest
Army Worm(ABOVE ETL),0.4258218267094438,1.3004835390946503,2.617147560067254,77,RandomForest
SBW(BELOW ETL),0.5591663284115692,0.2070541838134431,1.0039009817058446,77,RandomForest
PBW(BELOW ETL),0.80902981546161,4.870102880658437,8.127440829956527,77,RandomForest
ABW(BELOW ETL),0.4851058941224238,0.5343587105624142,1.6902638266971455,77,RandomForest
CLCV(%SPOT),0.8299957415769623,2.611700960219479,5.799738961062033,77,RandomForest
CLCV(%AREA),0.7887715619385879,3.012976680384088,6.775917716837315,77,RandomForest
WILT(%SPOT),0.5056556675445454,0.3528772290809328,1.724137296449909,77,RandomForest
WILT(%AREA),0.38837219212280605,0.3709636488340192,1.93758448640964,77,RandomForest
W. FLY(ABOVE ETL),0.8152270481775812,3.7510082304526753,6.596598637195302,101,RandomForest
JASSID(ABOVE ETL),0.5597274766899809,3.310130315500686,5.960366348606619,101,RandomForest
THRIPS(ABOVE ETL),0.5334639934248986,1.4269410150891633,3.1276776950415393,101,RandomForest
M.BUG(ABOVE ETL),0.8431630997293603,2.394948559670782,4.828122382535549,101,RandomForest
MITES(ABOVE ETL),-0.07310995504295903,0.017661179698216737,0.21606437337764112,101,RandomForest
APHIDS(ABOVE ETL),-0.049787466593326,0.022746913580246914,0.2976479010117162,101,RandomForest
DUSKY COTTON BUG(ABOVE ETL),0.42987368671177295,0.7916838134430728,3.322075965028663,101,RandomForest
W. FLY(BELOW ETL),0.8150847352505675,9.95352537722908,14.867883136855545,101,RandomForest
JASSID(BELOW ETL),0.8465843791114578,9.519320987654321,14.506041733581426,101,RandomForest
THRIPS(BELOW ETL),0.7531806279628319,12.38494170096022,18.82485048315938,101,RandomForest
MITES(BELOW ETL),0.3005754434908382,1.9546844993141288,5.368762735109319,101,RandomForest
APHIDS(BELOW ETL),0.5305157982079636,1.166968449931413,5.021787113785943,101,RandomForest
DUSKY COTTON BUG(BELOW ETL),0.7938129453879053,8.02351851851852,12.857326403636842,101,RandomForest
SBW(ABOVE ETL),0.22963446939284826,0.033916323731138544,0.24482994294044078,101,RandomForest
PBW(ABOVE ETL),0.8187846614227804,1.4874897119341566,3.2858297939549836,101,RandomForest
ABW(ABOVE ETL),-0.17888453871055798,0.03734567901234568,0.2567804782139202,101,RandomForest
Army Worm(ABOVE ETL),0.48460883877031824,1.252054183813443,2.6286102419036714,101,RandomForest
SBW(BELOW ETL),0.5323377303692846,0.20656035665294925,1.052240163717351,101,RandomForest
PBW(BELOW ETL),0.8006350923880222,4.935665294924554,8.227880514692734,101,RandomForest
ABW(BELOW ETL),0.4484896715896277,0.5447427983539094,1.8698064698165693,101,RandomForest
CLCV(%SPOT),0.8356174434961183,2.7035528120713312,6.020888331159805,101,RandomForest
CLCV(%AREA),0.7464163518404293,3.347229080932785,7.826154993930676,101,RandomForest
WILT(%SPOT),0.4446727921613216,0.41800411522633746,1.8756517477234407,101,RandomForest
WILT(%AREA),0.3599052233700166,0.4185390946502058,2.020879607887308,101,RandomForest
W. FLY(ABOVE ETL),0.6985422702421132,4.9722359396433475,9.18281491594605,0,DecisionTree
JASSID(ABOVE ETL),0.34759258027269346,4.028830589849108,7.303005054012358,0,DecisionTree
THRIPS(ABOVE ETL),0.27068047068967793,1.7813580246913583,4.30895317953553,0,DecisionTree
M.BUG(ABOVE ETL),0.7505996152687089,3.1000068587105623,6.581104936184345,0,DecisionTree
MITES(ABOVE ETL),-1.5612666743805477,0.0193758573388203,0.26998323374250044,0,DecisionTree
APHIDS(ABOVE ETL),-1.14881023573139,0.03063443072702332,0.45613817757017117,0,DecisionTree
DUSKY COTTON BUG(ABOVE ETL),0.06264347680791571,1.075864197530864,4.771068408498603,0,DecisionTree
W. FLY(BELOW ETL),0.660013395265305,12.337949245541841,19.948450632754973,0,DecisionTree
JASSID(BELOW ETL),0.6890157161823414,12.031790123456789,20.352189054598746,0,DecisionTree
THRIPS(BELOW ETL),0.5781566785993029,13.944941700960218,24.580220834559647,0,DecisionTree
MITES(BELOW ETL),-0.20052311070548257,1.818460219478738,6.616356091953343,0,DecisionTree
APHIDS(BELOW ETL),0.4002918117031621,1.1274074074074072,5.785105929651069,0,DecisionTree
DUSKY COTTON BUG(BELOW ETL),0.6475626455515251,9.445195473251028,17.14254252130209,0,DecisionTree
SBW(ABOVE ETL),-0.6235116726628325,0.03439643347050755,0.3836731362055678,0,DecisionTree
PBW(ABOVE ETL),0.6943614116594281,1.9673902606310014,4.616271123730873,0,DecisionTree
ABW(ABOVE ETL),-2.4234472118793673,0.034156378600823045,0.4193698322977305,0,DecisionTree
Army Worm(ABOVE ETL),0.04615338510960698,1.5288203017832647,3.740488046103779,0,DecisionTree
SBW(BELOW ETL),0.058979161182617146,0.23190672153635117,1.3022066320222967,0,DecisionTree
PBW(BELOW ETL),0.603560666784794,6.735006858710562,11.720244160530177,0,DecisionTree
ABW(BELOW ETL),-0.18826848111050043,0.5973731138545954,2.505315515040766,0,DecisionTree
CLCV(%SPOT),0.6667186079603153,3.522794924554184,8.644277528221247,0,DecisionTree
CLCV(%AREA),0.39057219614737737,4.465384087791495,12.294009821999873,0,DecisionTree
WILT(%SPOT),0.2550905926669049,0.4037997256515775,2.1107077424909515,0,DecisionTree
WILT(%AREA),-0.22654352163042946,0.4319924554183814,2.6127240552775683,0,DecisionTree
W. FLY(ABOVE ETL),0.6780446385873361,4.801724965706447,9.012352019488722,21,DecisionTree
JASSID(ABOVE ETL),0.2992532288999338,4.097482853223593,7.6374519097356925,21,DecisionTree
THRIPS(ABOVE ETL),0.2628153290146106,1.7595027434842248,4.324689102902391,21,DecisionTree
M.BUG(ABOVE ETL),0.7278635027774181,3.109286694101509,6.586318362693983,21,DecisionTree
MITES(ABOVE ETL),-0.6096495134051358,0.016495198902606308,0.25164070669804145,21,DecisionTree
APHIDS(ABOVE ETL),-0.5857519750160871,0.027812071330589848,0.38376250800650175,21,DecisionTree
DUSKY COTTON BUG(ABOVE ETL),0.25667299609762284,0.8521330589849108,3.8674900322457058,21,DecisionTree
W. FLY(BELOW ETL),0.6771515309460239,11.662071330589852,19.648132759096146,21,DecisionTree
JASSID(BELOW ETL),0.7176890228816248,11.725418381344307,19.450164525488905,21,DecisionTree
THRIPS(BELOW ETL),0.554818563564278,14.284852537722907,25.23631511091168,21,DecisionTree
MITES(BELOW ETL),-0.28052430972710596,1.8550891632373117,6.744274943463645,21,DecisionTree
APHIDS(BELOW ETL),0.1652997917942337,1.1732338820301784,6.162853612032906,21,DecisionTree
DUSKY COTTON BUG(BELOW ETL),0.6635802431071012,9.76500685871056,17.190536114182247,21,DecisionTree
SBW(ABOVE ETL),-0.24584918543666467,0.04530178326474622,0.47383167993006736,21,DecisionTree
PBW(ABOVE ETL),0.6319498247114145,2.018213305898491,4.869220252175653,21,DecisionTree
ABW(ABOVE ETL),-1.0175478806116134,0.047016460905349805,0.500818945240901,21,DecisionTree
Army Worm(ABOVE ETL),0.13422316364160414,1.4551440329218106,3.488658618649293,21,DecisionTree
SBW(BELOW ETL),-0.00394478637551865,0.24101165980795608,1.4408646642886382,21,DecisionTree
PBW(BELOW ETL),0.6172470841719513,6.540414951989026,11.412622657951355,21,DecisionTree
ABW(BELOW ETL),-0.10741493802737301,0.5665123456790123,2.406249985302763,21,DecisionTree
CLCV(%SPOT),0.6508415687346123,3.7123319615912207,9.346223146577668,21,DecisionTree
CLCV(%AREA),0.5960881737264396,4.19673182441701,10.634747633862293,21,DecisionTree
WILT(%SPOT),-0.20436122375043952,0.43591906721536344,2.4950361282368507,21,DecisionTree
WILT(%AREA),-0.06950292450274675,0.388559670781893,2.3673235482064983,21,DecisionTree
W. FLY(ABOVE ETL),0.6484148560375489,4.983165294924554,9.701476099628335,42,DecisionTree
JASSID(ABOVE ETL),0.12644381392282522,4.404766803840878,8.525408525987444,42,DecisionTree
THRIPS(ABOVE ETL),0.1800955463778614,1.8609190672153637,4.547900554245129,42,DecisionTree
M.BUG(ABOVE ETL),0.7124774978912884,3.134259259259259,6.856385126989454,42,DecisionTree
MITES(ABOVE ETL),-1.0558316083883947,0.014060356652949246,0.2219133656140036,42,DecisionTree
APHIDS(ABOVE ETL),-0.54381466917205,0.02087448559670782,0.3231494216254223,42,DecisionTree
DUSKY COTTON BUG(ABOVE ETL),-0.06290701031157586,0.956327160493827,4.597939177990431,42,DecisionTree
W. FLY(BELOW ETL),0.6045398681283096,12.504986282578875,21.794393371729825,42,DecisionTree
JASSID(BELOW ETL),0.67763171491174,12.096954732510289,20.880205835853232,42,DecisionTree
THRIPS(BELOW ETL),0.49006096709162583,14.77872770919067,26.980442427055763,42,DecisionTree
MITES(BELOW ETL),-0.04991462439359218,1.7558779149519887,5.886419334270637,42,DecisionTree
APHIDS(BELOW ETL),-0.05330171851178478,1.3162551440329218,6.797742080550717,42,DecisionTree
DUSKY COTTON BUG(BELOW ETL),0.6338740833639467,9.736484910836763,17.83757459757367,42,DecisionTree
SBW(ABOVE ETL),-0.10259688393913469,0.037791495198902604,0.4043487880368028,42,DecisionTree
PBW(ABOVE ETL),0.6676915419513103,1.9617729766803844,4.7473825544156245,42,DecisionTree
ABW(ABOVE ETL),-0.15605394856181443,0.03443072702331962,0.43401339482341483,42,DecisionTree
Army Worm(ABOVE ETL),0.01225020972256674,1.4103429355281205,3.532232397004363,42,DecisionTree
SBW(BELOW ETL),-0.00848975967599852,0.28075445816186556,1.6609213112591419,42,DecisionTree
PBW(BELOW ETL),0.6235696559801257,6.39957133058985,11.503805637083865,42,DecisionTree
ABW(BELOW ETL),0.09283719008068103,0.5776543209876543,2.5888324452067732,42,DecisionTree
CLCV(%SPOT),0.6767691051478746,3.515953360768176,8.992738935748635,42,DecisionTree
CLCV(%AREA),0.6199188223047446,3.9955349794238684,10.14315900608735,42,DecisionTree
WILT(%SPOT),0.027363577953198437,0.3418347050754458,1.922456463641072,42,DecisionTree
WILT(%AREA),-0.21118919547091042,0.3383127572016461,2.0805347787783908,42,DecisionTree
W. FLY(ABOVE ETL),0.6357858593137367,4.913220164609053,9.322911378829225,77,DecisionTree
JASSID(ABOVE ETL),0.24593533057963624,4.449756515775034,8.367637522983975,77,DecisionTree
THRIPS(ABOVE ETL),0.12512729437631576,1.7417901234567899,4.222941800280898,77,DecisionTree
M.BUG(ABOVE ETL),0.6698443048185574,3.076286008230453,6.974800878219344,77,DecisionTree
MITES(ABOVE ETL),-0.4774983498421379,0.019993141289437587,0.26859513594023715,77,DecisionTree
APHIDS(ABOVE ETL),-0.7414675548260441,0.030085733882030175,0.4272238276391033,77,DecisionTree
DUSKY COTTON BUG(ABOVE ETL),0.4537774056021029,0.7422839506172839,3.2347219240494116,77,DecisionTree
W. FLY(BELOW ETL),0.5998356317262887,12.386577503429354,21.81154987200428,77,DecisionTree
JASSID(BELOW ETL),0.6790005318472707,11.50295267489712,20.84794334380892,77,DecisionTree
THRIPS(BELOW ETL),0.5127121356331876,14.296488340192044,26.477837641042456,77,DecisionTree
MITES(BELOW ETL),0.11559030659154046,1.5571433470507545,5.406799804143395,77,DecisionTree
APHIDS(BELOW ETL),0.37796198653740165,1.246872427983539,6.075326265462985,77,DecisionTree
DUSKY COTTON BUG(BELOW ETL),0.6554752777996394,9.486443758573389,17.00098541180967,77,DecisionTree
SBW(ABOVE ETL),-0.6315439782510577,0.036865569272976684,0.3925882249931755,77,DecisionTree
PBW(ABOVE ETL),0.689269805381477,1.781388888888889,4.399117238264345,77,DecisionTree
ABW(ABOVE ETL),-0.9026447491557141,0.030349794238683128,0.3146241252543166,77,DecisionTree
Army Worm(ABOVE ETL),-0.22959212424918207,1.5632613168724279,3.8298821152172433,77,DecisionTree
SBW(BELOW ETL),0.3092965455810631,0.20777434842249656,1.2566065332568777,77,DecisionTree
PBW(BELOW ETL),0.6651197814420973,6.0503497942386835,10.762564810636682,77,DecisionTree
ABW(BELOW ETL),0.03233934838097252,0.5347085048010974,2.3171656285359896,77,DecisionTree
CLCV(%SPOT),0.7088001929124355,3.140987654320988,7.590564733712531,77,DecisionTree
CLCV(%AREA),0.5896408764778274,3.828683127572017,9.444391386924313,77,DecisionTree
WILT(%SPOT),0.33862163479332363,0.34147805212620025,1.994261288402238,77,DecisionTree
WILT(%AREA),0.16824229194066254,0.3727469135802469,2.2595161739168947,77,DecisionTree
W. FLY(ABOVE ETL),0.6520737153911034,4.836563786008231,9.051998680387628,101,DecisionTree
JASSID(ABOVE ETL),0.08968560866509989,4.383744855967078,8.570533702307392,101,DecisionTree
THRIPS(ABOVE ETL),0.13083718415278767,1.7164677640603565,4.269037583929675,101,DecisionTree
M.BUG(ABOVE ETL),0.7095913232366559,3.0393518518518516,6.569902716769779,101,DecisionTree
MITES(ABOVE ETL),-0.6547161585474728,0.01882716049382716,0.26830131700723897,101,DecisionTree
APHIDS(ABOVE ETL),-0.1151216157268451,0.018117283950617284,0.30677025670329455,101,DecisionTree
DUSKY COTTON BUG(ABOVE ETL),0.029050847729249485,0.8846193415637861,4.335330985413504,101,DecisionTree
W. FLY(BELOW ETL),0.6271090151684863,12.739492455418382,21.113182364279552,101,DecisionTree
JASSID(BELOW ETL),0.6960156304025551,12.192146776406037,20.41924867858951,101,DecisionTree
THRIPS(BELOW ETL),0.5499238673637195,13.89216392318244,25.420547821461476,101,DecisionTree
MITES(BELOW ETL),-0.014928982407717672,1.9355486968449929,6.467279053350757,101,DecisionTree
APHIDS(BELOW ETL),0.18808529844869648,1.2409465020576134,6.603938333215743,101,DecisionTree
DUSKY COTTON BUG(BELOW ETL),0.5951302673914274,9.811412894375858,18.01679874553293,101,DecisionTree
SBW(ABOVE ETL),-0.507763876770448,0.032030178326474625,0.3425175092898114,101,DecisionTree
PBW(ABOVE ETL),0.5464382134387251,2.002318244170096,5.198353563081665,101,DecisionTree
ABW(ABOVE ETL),-0.7438318596487741,0.032956104252400545,0.3123048087250852,101,DecisionTree
Army Worm(ABOVE ETL),0.0755436167065271,1.4151543209876545,3.520472249972408,101,DecisionTree
SBW(BELOW ETL),0.13836535983144438,0.22271262002743486,1.4282698988559732,101,DecisionTree
PBW(BELOW ETL),0.6301934995465874,6.280130315500686,11.206006983935245,101,DecisionTree
ABW(BELOW ETL),0.10714265093750919,0.5280006858710563,2.3790900022241965,101,DecisionTree
CLCV(%SPOT),0.7238312400669693,3.263045267489712,7.804048903402265,101,DecisionTree
CLCV(%AREA),0.5456564662410543,4.072640603566529,10.47562630923062,101,DecisionTree
WILT(%SPOT),0.032354128773801394,0.4462277091906722,2.4759162719000685,101,DecisionTree
WILT(%AREA),0.0781570349374272,0.4256515775034293,2.425195606778667,101,DecisionTree
W. FLY(ABOVE ETL),0.3972500318451171,10.811673525377229,12.984678976949363,0,AdaBoost
JASSID(ABOVE ETL),0.23802478593512055,5.577225651577504,7.89246342030661,0,AdaBoost
THRIPS(ABOVE ETL),0.14439970606399988,3.4430384087791492,4.667113000407574,0,AdaBoost
M.BUG(ABOVE ETL),0.649223233658813,4.762565157750343,7.80486986575684,0,AdaBoost
MITES(ABOVE ETL),-8.823069243102964,0.26083676268861455,0.528728837697967,0,AdaBoost
APHIDS(ABOVE ETL),-1.674412771977372,0.15933813443072703,0.5088755793720181,0,AdaBoost
DUSKY COTTON BUG(ABOVE ETL),0.16672793740559655,1.9843347050754456,4.49838529939169,0,AdaBoost
W. FLY(BELOW ETL),0.24605196636479476,25.945150891632373,29.706328106331867,0,AdaBoost
JASSID(BELOW ETL),0.15126235636796093,30.452503429355282,33.62239451254479,0,AdaBoost
THRIPS(BELOW ETL),0.14939569226563154,31.53247942386831,34.903901981865445,0,AdaBoost
MITES(BELOW ETL),-0.15629922596073054,3.6026440329218103,6.493348704678404,0,AdaBoost
APHIDS(BELOW ETL),0.27522170416088365,1.9658504801097394,6.35980670220704,0,AdaBoost
DUSKY COTTON BUG(BELOW ETL),0.27512775898557007,20.95425582990398,24.584705116919157,0,AdaBoost
SBW(ABOVE ETL),-0.10909391471554808,0.09204389574759944,0.31711577423098647,0,AdaBoost
PBW(ABOVE ETL),0.5554942761784124,3.057239368998628,5.567059900233214,0,AdaBoost
ABW(ABOVE ETL),-2.6815208200442067,0.19588477366255144,0.43488957651175475,0,AdaBoost
Army Worm(ABOVE ETL),0.055233312850217486,2.554190672153635,3.722642108250264,0,AdaBoost
SBW(BELOW ETL),-0.11365175401840677,0.417434842249657,1.4166252717263754,0,AdaBoost
PBW(BELOW ETL),0.490628872653627,9.509094650205762,13.285119118257185,0,AdaBoost
ABW(BELOW ETL),-2.92580349882824,3.7632578875171467,4.553752451051719,0,AdaBoost
CLCV(%SPOT),0.46552058735030766,6.125126886145404,10.946837193789131,0,AdaBoost
CLCV(%AREA),0.1666223754150189,9.68375171467764,14.376505725398921,0,AdaBoost
WILT(%SPOT),-0.05831584074412555,0.9950068587105623,2.51584581767772,0,AdaBoost
WILT(%AREA),-0.1508181948703171,1.0635356652949246,2.530785993221123,0,AdaBoost
W. FLY(ABOVE ETL),0.4160208195657069,8.902904663923183,12.137772637040017,21,AdaBoost
JASSID(ABOVE ETL),0.275306000047123,5.252592592592593,7.766856278262649,21,AdaBoost
THRIPS(ABOVE ETL),0.09524134556945285,3.707890946502058,4.791076628549266,21,AdaBoost
M.BUG(ABOVE ETL),0.5753546654596366,5.495685871056241,8.227397920558472,21,AdaBoost
MITES(ABOVE ETL),-0.26130619060161986,0.03796296296296296,0.22275399337337592,21,AdaBoost
APHIDS(ABOVE ETL),-0.43110930948186055,0.062242798353909466,0.3645703260466283,21,AdaBoost
DUSKY COTTON BUG(ABOVE ETL),0.02829471852169596,1.9483950617283952,4.421875692111701,21,AdaBoost
W. FLY(BELOW ETL),0.20118634796804102,27.372311385459536,30.906132169728544,21,AdaBoost
JASSID(BELOW ETL),0.14887651443756955,30.606268861454048,33.771914719182355,21,AdaBoost
THRIPS(BELOW ETL),0.09025455362709267,32.99099108367627,36.07591571036782,21,AdaBoost
MITES(BELOW ETL),-0.18389742305773438,4.1512551440329215,6.484826940842361,21,AdaBoost
APHIDS(BELOW ETL),0.2516211975630964,1.845250342935528,5.835490009904286,21,AdaBoost
DUSKY COTTON BUG(BELOW ETL),0.17145595640368838,23.542153635116602,26.97779650857649,21,AdaBoost
SBW(ABOVE ETL),0.17236443548837754,0.08168724279835392,0.3861988087633889,21,AdaBoost
PBW(ABOVE ETL),0.5107078633458941,3.182218792866941,5.614227709825972,21,AdaBoost
ABW(ABOVE ETL),-0.054192835634250036,0.10089163237311387,0.36201690765296,21,AdaBoost
Army Worm(ABOVE ETL),-0.049173217068575026,2.771282578875171,3.840423251994259,21,AdaBoost
SBW(BELOW ETL),-0.05303689115642096,0.45356310013717427,1.4756727906908038,21,AdaBoost
PBW(BELOW ETL),0.4427579626924337,9.727589163237312,13.770450230627313,21,AdaBoost
ABW(BELOW ETL),-0.7306082083569272,2.0853737997256516,3.0080491983050854,21,AdaBoost
CLCV(%SPOT),0.52421566398285,5.971810699588477,10.910130591330713,21,AdaBoost
CLCV(%AREA),0.4619629816614472,6.557349108367626,12.274109190197649,21,AdaBoost
WILT(%SPOT),-0.5962408519417544,1.7458984910836763,2.8724181822972383,21,AdaBoost
WILT(%AREA),-0.1059615176171742,0.7050685871056243,2.407335597219591,21,AdaBoost
W. FLY(ABOVE ETL),0.5041981803593254,7.44588134430727,11.520640329461859,42,AdaBoost
JASSID(ABOVE ETL),0.16936102023483834,5.950912208504802,8.313347433004237,42,AdaBoost
THRIPS(ABOVE ETL),0.16294063878169918,3.424108367626886,4.595232246190988,42,AdaBoost
M.BUG(ABOVE ETL),0.5737717128149303,5.740486968449931,8.347961145166353,42,AdaBoost
MITES(ABOVE ETL),-1.7458809365521875,0.07976680384087792,0.2564664389224306,42,AdaBoost
APHIDS(ABOVE ETL),-0.37039307702788715,0.04627229080932785,0.3044586934576641,42,AdaBoost
DUSKY COTTON BUG(ABOVE ETL),0.016977976408203088,2.0435013717421127,4.421780807270367,42,AdaBoost
W. FLY(BELOW ETL),0.4848305666198677,21.456145404663925,24.87530849461634,42,AdaBoost
JASSID(BELOW ETL),0.5500010724237212,21.754149519890262,24.66972796596979,42,AdaBoost
THRIPS(BELOW ETL),0.3314993989235253,27.41649176954732,30.891631104962762,42,AdaBoost
MITES(BELOW ETL),-0.12036709047216276,3.4284499314128944,6.080711183001843,42,AdaBoost
APHIDS(BELOW ETL),0.176065508170704,2.0748285322359394,6.012216734997758,42,AdaBoost
DUSKY COTTON BUG(BELOW ETL),0.31736638433148834,20.45729423868313,24.356473134946864,42,AdaBoost
SBW(ABOVE ETL),0.15561467343103974,0.07403978052126202,0.35384910720836027,42,AdaBoost
PBW(ABOVE ETL),0.5315894468989649,3.0880212620027434,5.6363359026416635,42,AdaBoost
ABW(ABOVE ETL),-3.1525589163840504,0.5689300411522634,0.8225683288899043,42,AdaBoost
Army Worm(ABOVE ETL),-0.04487818642918229,2.500754458161866,3.6329433663944384,42,AdaBoost
SBW(BELOW ETL),0.15773710528884355,0.44159122085048,1.5178789755320217,42,AdaBoost
PBW(BELOW ETL),0.4942091830893022,9.581388888888888,13.334744327347268,42,AdaBoost
ABW(BELOW ETL),0.10537330487712637,1.3202469135802468,2.5708826338724173,42,AdaBoost
CLCV(%SPOT),0.533739997515027,6.281652949245542,10.800643572375835,42,AdaBoost
CLCV(%AREA),0.4050913473669653,6.966481481481481,12.689958296376943,42,AdaBoost
WILT(%SPOT),-0.59676572369852,1.179187242798354,2.4632123307345184,42,AdaBoost
WILT(%AREA),-0.5868382612207925,0.9152674897119342,2.381416276971535,42,AdaBoost
W. FLY(ABOVE ETL),0.375061334974613,9.594351851851853,12.212142180320908,77,AdaBoost
JASSID(ABOVE ETL),0.3181506864489563,5.359831961591221,7.956879224232706,77,AdaBoost
THRIPS(ABOVE ETL),0.08636700503342143,2.868950617283951,4.315474452836724,77,AdaBoost
M.BUG(ABOVE ETL),0.5916085999532972,5.075751028806584,7.757302208335082,77,AdaBoost
MITES(ABOVE ETL),-0.005109040480621552,0.011968449931412896,0.22153442944462445,77,AdaBoost
APHIDS(ABOVE ETL),-1.2216506669060934,0.09160836762688615,0.48254259853036136,77,AdaBoost
DUSKY COTTON BUG(ABOVE ETL),-0.03982377718026919,1.7403635116598077,4.4630524810447465,77,AdaBoost
W. FLY(BELOW ETL),0.5677424683971424,18.851975308641975,22.669325763900634,77,AdaBoost
JASSID(BELOW ETL),0.5994911181804246,19.08994170096022,23.28719272976449,77,AdaBoost
THRIPS(BELOW ETL),0.02521723717177249,33.70570644718793,37.449294232948546,77,AdaBoost
MITES(BELOW ETL),-0.1384861310397032,3.373981481481481,6.134475193963197,77,AdaBoost
APHIDS(BELOW ETL),0.3265647515183293,2.0115157750342934,6.321338766410614,77,AdaBoost
DUSKY COTTON BUG(BELOW ETL),0.38869649149346275,18.207006172839506,22.646043817474837,77,AdaBoost
SBW(ABOVE ETL),-0.04536725180155887,0.0644718792866941,0.31424785548614426,77,AdaBoost
PBW(ABOVE ETL),0.5597724739495515,2.777582304526749,5.236153924571994,77,AdaBoost
ABW(ABOVE ETL),-28.688706514220605,0.9455075445816187,1.2428216381052677,77,AdaBoost
Army Worm(ABOVE ETL),-0.41615108700355075,3.1715397805212624,4.110168865160795,77,AdaBoost
SBW(BELOW ETL),-0.3246941165858235,0.5793106995884774,1.740248640056388,77,AdaBoost
PBW(BELOW ETL),0.494777806088874,9.307537722908092,13.219415183414704,77,AdaBoost
ABW(BELOW ETL),-0.01971453614942109,1.5391941015089166,2.3786735433406476,77,AdaBoost
CLCV(%SPOT),0.4421909052042222,5.759094650205761,10.505611643046445,77,AdaBoost
CLCV(%AREA),0.3718406227196176,6.6291015089163245,11.684949865565029,77,AdaBoost
WILT(%SPOT),0.01618059710025077,0.8933573388203017,2.432286663951817,77,AdaBoost
WILT(%AREA),-0.2143121024726884,0.925627572016461,2.730122907587675,77,AdaBoost
W. FLY(ABOVE ETL),0.34284622639158924,9.059437585733882,12.44040059407313,101,AdaBoost
JASSID(ABOVE ETL),0.21782795444453884,5.490390946502058,7.944440339289279,101,AdaBoost
THRIPS(ABOVE ETL),0.07643806884194937,3.310980795610426,4.4006053330954416,101,AdaBoost
M.BUG(ABOVE ETL),0.5965588834331583,4.617163923182441,7.743623397768943,101,AdaBoost
MITES(ABOVE ETL),-0.03700591042313417,0.012791495198902606,0.21239860810344272,101,AdaBoost
APHIDS(ABOVE ETL),-0.3760030919286059,0.03540123456790123,0.3407703791457746,101,AdaBoost
DUSKY COTTON BUG(ABOVE ETL),-0.1171490736085452,2.3827331961591223,4.6502851181819045,101,AdaBoost
W. FLY(BELOW ETL),0.5606735052011561,18.64395747599451,22.916930871653207,101,AdaBoost
JASSID(BELOW ETL),0.6484789332002473,18.087537722908092,21.95784981702684,101,AdaBoost
THRIPS(BELOW ETL),0.4652796383097454,22.673981481481484,27.708006124495167,101,AdaBoost
MITES(BELOW ETL),-0.18091227021813783,3.93920438957476,6.976098288090764,101,AdaBoost
APHIDS(BELOW ETL),0.23572257980740874,2.0346707818930043,6.407274361710112,101,AdaBoost
DUSKY COTTON BUG(BELOW ETL),0.42346645465740274,16.794636488340192,21.4996932060926,101,AdaBoost
SBW(ABOVE ETL),-0.28646944750226866,0.06189986282578875,0.3163849732575095,101,AdaBoost
PBW(ABOVE ETL),0.5335064729261925,3.00380658436214,5.271939246201331,101,AdaBoost
ABW(ABOVE ETL),-1.2255760641866043,0.1837448559670782,0.3528154446693859,101,AdaBoost
Army Worm(ABOVE ETL),-0.2914557863895266,3.027781207133059,4.160997777388178,101,AdaBoost
SBW(BELOW ETL),-0.09923166413092943,0.49540809327846363,1.6132189808298623,101,AdaBoost
PBW(BELOW ETL),0.4746629323657291,9.4560219478738,13.356191617626221,101,AdaBoost
ABW(BELOW ETL),-2.2359681404470315,3.5235219478737996,4.529204724778675,101,AdaBoost
CLCV(%SPOT),0.47218265646267743,5.799643347050755,10.788834610993648,101,AdaBoost
CLCV(%AREA),0.16390495924092352,9.486351165980794,14.210705708075738,101,AdaBoost
WILT(%SPOT),0.07847284870523763,0.7836556927297668,2.4161939795990626,101,AdaBoost
WILT(%AREA),-0.1277506779635369,0.9899862825788751,2.6824080785997446,101,AdaBoost
W. FLY(ABOVE ETL),-0.2589329668439382,11.22212620027435,18.765663396275976,0,SVM
JASSID(ABOVE ETL),-0.20746977429412894,6.207486282578876,9.935284081866003,0,SVM
THRIPS(ABOVE ETL),-0.13273057165906743,1.9902126200274348,5.3700232327142,0,SVM
M.BUG(ABOVE ETL),-0.23254759293198002,6.472969821673526,14.630262051497002,0,SVM
MITES(ABOVE ETL),-0.2888877134403358,0.10857338820301782,0.19152123664959847,0,SVM
APHIDS(ABOVE ETL),-0.07294751133888266,0.1152023319615912,0.32231953617787495,0,SVM
DUSKY COTTON BUG(ABOVE ETL),-0.02730090106401195,0.9964746227709191,4.9947306733510795,0,SVM
W. FLY(BELOW ETL),-0.12951768491086924,28.9840329218107,36.3600761936678,0,SVM
JASSID(BELOW ETL),-0.1863689820080634,31.025109739369,39.751342376243166,0,SVM
THRIPS(BELOW ETL),-0.20547126250048597,33.13144375857339,41.551683310130166,0,SVM
MITES(BELOW ETL),-0.05250955816666458,1.5615123456790125,6.195075915884044,0,SVM
APHIDS(BELOW ETL),-0.027504953483348027,1.4255555555555557,7.572395494516727,0,SVM
DUSKY COTTON BUG(BELOW ETL),-0.21406519196203777,21.771608367626886,31.81671025537717,0,SVM
SBW(ABOVE ETL),-0.06843520654752155,0.11992455418381343,0.31124886720889494,0,SVM
PBW(ABOVE ETL),-0.179580532496445,3.678055555555556,9.068824836566408,0,SVM
ABW(ABOVE ETL),-0.14537686727685428,0.11262002743484224,0.24257138725528204,0,SVM
Army Worm(ABOVE ETL),-0.1361542219734102,1.565329218106996,4.082325625215126,0,SVM
SBW(BELOW ETL),-0.00472036082089855,0.28591906721536353,1.3455594295037565,0,SVM
PBW(BELOW ETL),-0.2635836008854442,13.558141289437584,20.924268347985098,0,SVM
ABW(BELOW ETL),-0.02425953948591153,0.5445267489711935,2.3260023430475782,0,SVM
CLCV(%SPOT),-0.20134550179165078,6.85326817558299,16.411834607747057,0,SVM
CLCV(%AREA),-0.19441681093071916,7.078333333333333,17.211169328580336,0,SVM
WILT(%SPOT),-0.01270417900902232,0.4647393689986283,2.461034346544088,0,SVM
WILT(%AREA),-0.008771696919277483,0.4100445816186557,2.369455226988333,0,SVM
W. FLY(ABOVE ETL),-0.25103856862286644,10.554420438957475,17.76542761316101,21,SVM
JASSID(ABOVE ETL),-0.2298628465314534,6.233744855967077,10.118037320454347,21,SVM
THRIPS(ABOVE ETL),-0.14345865918198775,2.060120027434842,5.386131816666025,21,SVM
M.BUG(ABOVE ETL),-0.2288144756139121,6.158292181069959,13.995630995723271,21,SVM
MITES(ABOVE ETL),-0.2088280423714608,0.1087448559670782,0.21807079053486123,21,SVM
APHIDS(ABOVE ETL),-0.07939694338503345,0.11344307270233195,0.31661792997277793,21,SVM
DUSKY COTTON BUG(ABOVE ETL),-0.028365036365825658,0.937249657064472,4.548968182196238,21,SVM
W. FLY(BELOW ETL),-0.09008294430530439,29.211200274348418,36.10369823534511,21,SVM
JASSID(BELOW ETL),-0.15402100199409063,30.85639231824417,39.32477559394845,21,SVM
THRIPS(BELOW ETL),-0.15797261418809172,32.657575445816185,40.70113897111423,21,SVM
MITES(BELOW ETL),-0.053255069231913144,1.5530864197530867,6.116572559574783,21,SVM
APHIDS(BELOW ETL),-0.023364555839915147,1.2194272976680385,6.823886215314632,21,SVM
DUSKY COTTON BUG(BELOW ETL),-0.24175454248894934,22.637064471879285,33.026804328966094,21,SVM
SBW(ABOVE ETL),-0.023583403373394596,0.13295610425240054,0.42948991981285256,21,SVM
PBW(ABOVE ETL),-0.17599088264118423,3.5088991769547326,8.70377954852691,21,SVM
ABW(ABOVE ETL),-0.05126881322015042,0.11893004115226335,0.36151449454593637,21,SVM
Army Worm(ABOVE ETL),-0.12398460119028476,1.4751371742112482,3.9749866405897443,21,SVM
SBW(BELOW ETL),-0.005739783308763569,0.30181412894375853,1.44215218162023,21,SVM
PBW(BELOW ETL),-0.25026179184194763,13.224159807956102,20.626554274893905,21,SVM
ABW(BELOW ETL),-0.018112466034228447,0.49525034293552805,2.3071903842413617,21,SVM
CLCV(%SPOT),-0.20000410886437825,7.20679012345679,17.326715545796276,21,SVM
CLCV(%AREA),-0.18793979485767465,7.3872530864197525,18.238164112997232,21,SVM
WILT(%SPOT),-0.009114925707092825,0.4073868312757202,2.2838562826697872,21,SVM
WILT(%AREA),-0.0061211351202778985,0.36942386831275714,2.296105114502599,21,SVM
W. FLY(ABOVE ETL),-0.2212099100279341,10.701478052126202,18.080803239399874,42,SVM
JASSID(ABOVE ETL),-0.20528312470025112,6.197935528120714,10.014155139351839,42,SVM
THRIPS(ABOVE ETL),-0.13557776566130353,2.0019067215363515,5.352267086288105,42,SVM
M.BUG(ABOVE ETL),-0.21551048906907488,6.056639231824415,14.097387581588102,42,SVM
MITES(ABOVE ETL),-0.3656391164635724,0.10593278463648834,0.18086630428975664,42,SVM
APHIDS(ABOVE ETL),-0.1195031481017903,0.10961248285322359,0.2751810103865567,42,SVM
DUSKY COTTON BUG(ABOVE ETL),-0.03340672334593675,0.997033607681756,4.533683806199472,42,SVM
W. FLY(BELOW ETL),-0.12045052942941314,29.684224965706452,36.685105719060644,42,SVM
JASSID(BELOW ETL),-0.1903550734614261,31.38945816186557,40.1233221538102,42,SVM
THRIPS(BELOW ETL),-0.21732843168154958,33.21749314128944,41.68634531062483,42,SVM
MITES(BELOW ETL),-0.06007551721311177,1.5852949245541843,5.914834626233664,42,SVM
APHIDS(BELOW ETL),-0.024656755639866024,1.2279835390946503,6.704671282740281,42,SVM
DUSKY COTTON BUG(BELOW ETL),-0.19927888610180178,21.872911522633746,32.28350355549345,42,SVM
SBW(ABOVE ETL),-0.03814228381457796,0.12349108367626885,0.39235230242488317,42,SVM
PBW(ABOVE ETL),-0.1724535281181092,3.561237997256516,8.917258383889523,42,SVM
ABW(ABOVE ETL),-0.033456835061003165,0.12479423868312757,0.4103554951174821,42,SVM
Army Worm(ABOVE ETL),-0.12284996840598295,1.40139231824417,3.766055032463623,42,SVM
SBW(BELOW ETL),-0.006840421456870027,0.32986282578875176,1.6595625756164878,42,SVM
PBW(BELOW ETL),-0.23072665592043484,13.354152949245542,20.80079944237002,42,SVM
ABW(BELOW ETL),-0.018475996963683627,0.5569753086419753,2.743068943552264,42,SVM
CLCV(%SPOT),-0.1877182624591125,6.9888614540466385,17.238214110520982,42,SVM
CLCV(%AREA),-0.18054083051438408,7.126467764060356,17.876214542371198,42,SVM
WILT(%SPOT),-0.009918212946845806,0.38466735253772294,1.9589545114110682,42,SVM
WILT(%AREA),-0.005739176312416827,0.3337517146776406,1.8958835994783325,42,SVM
W. FLY(ABOVE ETL),-0.21534642237002055,10.340497256515775,17.03033526501117,77,SVM
JASSID(ABOVE ETL),-0.20860660579754664,6.4436316872427986,10.59353837237179,77,SVM
THRIPS(ABOVE ETL),-0.14332669034238132,1.8611728395061728,4.827561702249497,77,SVM
M.BUG(ABOVE ETL),-0.21369837029691463,5.734125514403292,13.372967875059746,77,SVM
MITES(ABOVE ETL),-0.163695876718847,0.10997942386831273,0.23837153281027706,77,SVM
APHIDS(ABOVE ETL),-0.0667885888117763,0.115579561042524,0.33437742858367053,77,SVM
DUSKY COTTON BUG(ABOVE ETL),-0.02519994537060466,0.8781893004115227,4.431557706236454,77,SVM
W. FLY(BELOW ETL),-0.12122885499291236,29.227585733882027,36.510220161878806,77,SVM
JASSID(BELOW ETL),-0.2070028082455484,31.43039437585734,40.42641239548838,77,SVM
THRIPS(BELOW ETL),-0.16119567019034298,32.946941015089166,40.87355580061525,77,SVM
MITES(BELOW ETL),-0.059138854395406115,1.57570987654321,5.916842276997436,77,SVM
APHIDS(BELOW ETL),-0.030672197390119837,1.5353497942386831,7.8202641655289185,77,SVM
DUSKY COTTON BUG(BELOW ETL),-0.16788977557818696,21.435010288065847,31.301476749085264,77,SVM
SBW(ABOVE ETL),-0.06892758470957427,0.1180727023319616,0.31776936015787305,77,SVM
PBW(ABOVE ETL),-0.15419870794256907,3.2446262002743484,8.47840385493034,77,SVM
ABW(ABOVE ETL),-0.13413842210196525,0.11529492455418379,0.24291045051304389,77,SVM
Army Worm(ABOVE ETL),-0.12222904145217028,1.363412208504801,3.6588585634941286,77,SVM
SBW(BELOW ETL),-0.004292623956108743,0.2928223593964335,1.5152477082259357,77,SVM
PBW(BELOW ETL),-0.19238991580935116,12.884032921810698,20.30860907104543,77,SVM
ABW(BELOW ETL),-0.016837280784595343,0.49330932784636483,2.3753153064830403,77,SVM
CLCV(%SPOT),-0.1985083757520234,6.404362139917695,15.399232767306088,77,SVM
CLCV(%AREA),-0.19023358379360333,6.567537722908091,16.084517212659343,77,SVM
WILT(%SPOT),-0.01210492908181382,0.4593038408779149,2.4670039044854035,77,SVM
WILT(%AREA),-0.008556985799814676,0.4186865569272977,2.488096717241599,77,SVM
W. FLY(ABOVE ETL),-0.237443132765927,10.301412894375858,17.071177861537468,101,SVM
JASSID(ABOVE ETL),-0.20743770200115375,6.109897119341563,9.87062218774044,101,SVM
THRIPS(ABOVE ETL),-0.1370045197212535,1.8481344307270233,4.882705208272523,101,SVM
M.BUG(ABOVE ETL),-0.2109202534578214,5.720298353909465,13.415656083658632,101,SVM
MITES(ABOVE ETL),-0.1859942168237212,0.10936213991769547,0.22714455794881225,101,SVM
APHIDS(ABOVE ETL),-0.08742429264598517,0.1134190672153635,0.30293653103931595,101,SVM
DUSKY COTTON BUG(ABOVE ETL),-0.028649470188560233,0.92789780521262,4.462289264504235,101,SVM
W. FLY(BELOW ETL),-0.11003475274193053,29.226879286694096,36.42764075121512,101,SVM
JASSID(BELOW ETL),-0.1817563749370361,31.495781893004114,40.26040213376619,101,SVM
THRIPS(BELOW ETL),-0.17780515107613382,33.09292524005487,41.12241756227351,101,SVM
MITES(BELOW ETL),-0.05843561449253443,1.7280246913580246,6.604439947741187,101,SVM
APHIDS(BELOW ETL),-0.02910786292630374,1.4372427983539096,7.434953467170116,101,SVM
DUSKY COTTON BUG(BELOW ETL),-0.2031534146481031,21.398120713305897,31.058499904595056,101,SVM
SBW(ABOVE ETL),-0.08051269228016067,0.11934156378600821,0.28995529668221975,101,SVM
PBW(ABOVE ETL),-0.1613940844193147,3.2444787379972566,8.318353849661337,101,SVM
ABW(ABOVE ETL),-0.126522371130654,0.11464334705075446,0.251013036676621,101,SVM
Army Worm(ABOVE ETL),-0.11383265898561534,1.3915946502057615,3.864271985339591,101,SVM
SBW(BELOW ETL),-0.004384924126592082,0.2959910836762688,1.542051225532846,101,SVM
PBW(BELOW ETL),-0.21027992974831644,13.010411522633746,20.272463820882717,101,SVM
ABW(BELOW ETL),-0.01885240127875365,0.533425925925926,2.5414143030619694,101,SVM
CLCV(%SPOT),-0.1884690887788114,6.583347050754457,16.18924712568718,101,SVM
CLCV(%AREA),-0.18161378006833284,6.759533607681754,16.89373181254467,101,SVM
WILT(%SPOT),-0.01201016113261244,0.4656172839506173,2.532037693914117,101,SVM
WILT(%AREA),-0.009251124157035662,0.43272976680384095,2.5375693548064207,101,SVM
W. FLY(ABOVE ETL),0.7185935007960904,5.012318244170096,8.872166442305542,0,KNN
JASSID(ABOVE ETL),0.48216436967993526,3.8663065843621403,6.506360460374849,0,KNN
THRIPS(ABOVE ETL),0.536196778739657,1.5033539094650206,3.4362102892959525,0,KNN
M.BUG(ABOVE ETL),0.7028174122119076,3.531385459533608,7.183927424279243,0,KNN
MITES(ABOVE ETL),-0.2255037439873051,0.017146776406035666,0.18675262571079568,0,KNN
APHIDS(ABOVE ETL),-0.12404077280358328,0.027205075445816185,0.3299046397530502,0,KNN
DUSKY COTTON BUG(ABOVE ETL),0.16802249896096355,1.0934567901234569,4.4948896222320505,0,KNN
W. FLY(BELOW ETL),0.7396997535763108,12.184101508916322,17.454827320154333,0,KNN
JASSID(BELOW ETL),0.7401516540779255,12.458936899862827,18.60380958302282,0,KNN
THRIPS(BELOW ETL),0.5941475946274359,16.383000685871057,24.109835854794415,0,KNN
MITES(BELOW ETL),0.12319374612340384,2.093762002743484,5.654385678440116,0,KNN
APHIDS(BELOW ETL),0.4395716525502046,1.2954115226337448,5.59244051792257,0,KNN
DUSKY COTTON BUG(BELOW ETL),0.5449556011939233,12.921018518518519,19.4787532248547,0,KNN
SBW(ABOVE ETL),-0.1826578099590941,0.04070644718792867,0.32746375415924406,0,KNN
PBW(ABOVE ETL),0.663259492122904,2.2202366255144037,4.845458704986391,0,KNN
ABW(ABOVE ETL),-0.2925041907107149,0.030315500685871053,0.257680377512011,0,KNN
Army Worm(ABOVE ETL),0.1855021691408536,1.6293415637860083,3.456479343393094,0,KNN
SBW(BELOW ETL),-0.006942751395635494,0.28519890260631003,1.3470467621518818,0,KNN
PBW(BELOW ETL),0.6025802995370689,7.313868312757203,11.734726891851274,0,KNN
ABW(BELOW ETL),0.12003783585475125,0.6136968449931413,2.1559423256166803,0,KNN
CLCV(%SPOT),0.556745577964178,4.603384773662551,9.96895663543467,0,KNN
CLCV(%AREA),0.5294963246005253,4.985075445816187,10.802242781402741,0,KNN
WILT(%SPOT),0.1665290045255461,0.4736282578875171,2.2326550010938693,0,KNN
WILT(%AREA),0.12215975708927007,0.4533641975308642,2.210343676919049,0,KNN
W. FLY(ABOVE ETL),0.7138205498477992,4.846388888888889,8.496881048445973,21,KNN
JASSID(ABOVE ETL),0.46959908690490604,3.9524417009602195,6.644618752616803,21,KNN
THRIPS(ABOVE ETL),0.5106660445823381,1.563672839506173,3.5234606081329294,21,KNN
M.BUG(ABOVE ETL),0.683206489470775,3.4774348422496573,7.1062005904193075,21,KNN
MITES(ABOVE ETL),-0.023672582502925144,0.014094650205761314,0.20067615470507544,21,KNN
APHIDS(ABOVE ETL),-0.1669096266028265,0.027572016460905353,0.3292028031422391,21,KNN
DUSKY COTTON BUG(ABOVE ETL),0.21335791459781805,1.0033470507544582,3.978577631838439,21,KNN
W. FLY(BELOW ETL),0.7553296826005709,11.923161865569273,17.104585762748723,21,KNN
JASSID(BELOW ETL),0.7639715158127842,12.154163237311389,17.78449777120335,21,KNN
THRIPS(BELOW ETL),0.6458005849375275,15.451299725651578,22.510302859090014,21,KNN
MITES(BELOW ETL),0.09981617423706246,2.0661111111111112,5.654665972143339,21,KNN
APHIDS(BELOW ETL),0.4467549594318436,1.141375171467764,5.0173610698876505,21,KNN
DUSKY COTTON BUG(BELOW ETL),0.5547572246601518,13.184444444444443,19.776394432478615,21,KNN
SBW(ABOVE ETL),0.1355802097410913,0.04482167352537723,0.39468780529531694,21,KNN
PBW(ABOVE ETL),0.658287834912983,2.1231515775034295,4.69176364027872,21,KNN
ABW(ABOVE ETL),-0.051434323922835645,0.032578875171467764,0.3615429516647934,21,KNN
Army Worm(ABOVE ETL),0.21167926259852332,1.5511728395061726,3.3289476704497165,21,KNN
SBW(BELOW ETL),0.02819534348759367,0.270778463648834,1.4176132518996818,21,KNN
PBW(BELOW ETL),0.5832230328434073,7.419338134430728,11.90907579320433,21,KNN
ABW(BELOW ETL),0.24040224991100623,0.5468964334705075,1.9928627536116255,21,KNN
CLCV(%SPOT),0.5945429903520418,4.564437585733883,10.0715725516203,21,KNN
CLCV(%AREA),0.5377542037109229,5.016642661179699,11.37680695637549,21,KNN
WILT(%SPOT),0.13891668272573976,0.412846364883402,2.109701657504271,21,KNN
WILT(%AREA),0.09634373937616392,0.4014883401920438,2.176046946989124,21,KNN
W. FLY(ABOVE ETL),0.7101411280019883,4.839228395061728,8.8087819360869,42,KNN
JASSID(ABOVE ETL),0.4611429609795916,3.8447325102880665,6.6958629714760916,42,KNN
THRIPS(ABOVE ETL),0.5112304174942487,1.534389574759945,3.51140903564906,42,KNN
M.BUG(ABOVE ETL),0.6677250405054914,3.5075240054869687,7.37068907741973,42,KNN
MITES(ABOVE ETL),-0.23235365494479798,0.015569272976680384,0.17181353340360297,42,KNN
APHIDS(ABOVE ETL),-0.392650014100707,0.03186899862825789,0.306921134805666,42,KNN
DUSKY COTTON BUG(ABOVE ETL),0.21323355882841954,1.1021227709190673,3.9558380179006716,42,KNN
W. FLY(BELOW ETL),0.7397535105972965,12.34755829903978,17.680147007780654,42,KNN
JASSID(BELOW ETL),0.7553316664771439,12.384279835390945,18.190620063621797,42,KNN
THRIPS(BELOW ETL),0.592439343386008,16.78721879286694,24.120486640083737,42,KNN
MITES(BELOW ETL),0.05340558253316963,2.1356378600823045,5.589283955062178,42,KNN
APHIDS(BELOW ETL),0.4640906848903248,1.1877229080932785,4.848796295412222,42,KNN
DUSKY COTTON BUG(BELOW ETL),0.5272731473526248,13.46693072702332,20.268691037791747,42,KNN
SBW(ABOVE ETL),-0.0770185603877318,0.04094650205761317,0.3996311742667433,42,KNN
PBW(ABOVE ETL),0.6903920034350052,2.0957030178326472,4.5823643382722645,42,KNN
ABW(ABOVE ETL),-0.015104099786718672,0.03611111111111111,0.40669550595980436,42,KNN
Army Worm(ABOVE ETL),0.2738103107694213,1.4941289437585732,3.0286621881956,42,KNN
SBW(BELOW ETL),-0.016949575959579244,0.316556927297668,1.667873164132205,42,KNN
PBW(BELOW ETL),0.6135011484805519,7.24210219478738,11.656638469329996,42,KNN
ABW(BELOW ETL),0.017158081557343663,0.6435665294924554,2.694654936413464,42,KNN
CLCV(%SPOT),0.6142719469856728,4.329080932784636,9.82372431045611,42,KNN
CLCV(%AREA),0.5682661339250148,4.759115226337449,10.810433523993401,42,KNN
WILT(%SPOT),0.09143877932554312,0.37898148148148153,1.8580540674844401,42,KNN
WILT(%AREA),-0.11596078934710574,0.37617283950617286,1.9970707629859072,42,KNN
W. FLY(ABOVE ETL),0.6779018614076611,4.845099451303155,8.767328146741598,77,KNN
JASSID(ABOVE ETL),0.43390560589825955,4.056039094650206,7.250083181491503,77,KNN
THRIPS(ABOVE ETL),0.3991106281476702,1.5638751714677641,3.4997733808664133,77,KNN
M.BUG(ABOVE ETL),0.6746662443935927,3.306430041152263,6.92367988685085,77,KNN
MITES(ABOVE ETL),-0.03854010073278946,0.01724965706447188,0.22518853555012494,77,KNN
APHIDS(ABOVE ETL),-0.18878940321558635,0.03296639231824417,0.35298011112205263,77,KNN
DUSKY COTTON BUG(ABOVE ETL),0.18564678998887285,0.9655349794238683,3.949649235176813,77,KNN
W. FLY(BELOW ETL),0.7230296032332282,12.458662551440328,18.146129063797602,77,KNN
JASSID(BELOW ETL),0.7492029834363602,12.458405349794239,18.427747152689523,77,KNN
THRIPS(BELOW ETL),0.6218795744215069,15.882208504801095,23.324094158461058,77,KNN
MITES(BELOW ETL),0.12693131432669713,2.1033710562414267,5.372021575657328,77,KNN
APHIDS(BELOW ETL),0.46254827207362115,1.3480041152263376,5.647170170340596,77,KNN
DUSKY COTTON BUG(BELOW ETL),0.542233374399002,12.887239368998628,19.596836186274043,77,KNN
SBW(ABOVE ETL),-0.2767957915374575,0.04118655692729767,0.3472950540899425,77,KNN
PBW(ABOVE ETL),0.6770641361032841,2.0123902606310016,4.484685031140118,77,KNN
ABW(ABOVE ETL),-0.023005248809862877,0.025788751714677642,0.23070239262811018,77,KNN
Army Worm(ABOVE ETL),0.19770119898254712,1.5207510288065844,3.0936625616358824,77,KNN
SBW(BELOW ETL),-0.07360749390578403,0.2969718792866941,1.566665451798846,77,KNN
PBW(BELOW ETL),0.6180029602885175,6.96318244170096,11.494789727433684,77,KNN
ABW(BELOW ETL),0.17549840846433906,0.5705727023319616,2.1389039682008133,77,KNN
CLCV(%SPOT),0.5715066940516946,4.276824417009602,9.207687423113136,77,KNN
CLCV(%AREA),0.5439531902646264,4.625665294924555,9.956269429872792,77,KNN
WILT(%SPOT),0.27021391476546375,0.41204732510288067,2.09485928530774,77,KNN
WILT(%AREA),0.20723762851352212,0.4035493827160494,2.205913869889698,77,KNN
W. FLY(ABOVE ETL),0.6936522805148287,4.775898491083677,8.493920427280074,101,KNN
JASSID(ABOVE ETL),0.4374035745252344,3.858333333333334,6.737684130957733,101,KNN
THRIPS(ABOVE ETL),0.43992996102606974,1.5134567901234568,3.426893276841897,101,KNN
M.BUG(ABOVE ETL),0.6552781024703909,3.365949931412894,7.157948685871865,101,KNN
MITES(ABOVE ETL),-0.040237931884734124,0.014814814814814815,0.21272934045591674,101,KNN
APHIDS(ABOVE ETL),-0.1714427568507768,0.028508230452674897,0.3144218135205608,101,KNN
DUSKY COTTON BUG(ABOVE ETL),0.1273735911471674,1.0155658436213992,4.109965652068117,101,KNN
W. FLY(BELOW ETL),0.7315445178695799,12.427626886145404,17.91426092758556,101,KNN
JASSID(BELOW ETL),0.7561783067878523,12.431550068587105,18.287330045472572,101,KNN
THRIPS(BELOW ETL),0.614873399412879,16.162465706447186,23.51492901668657,101,KNN
MITES(BELOW ETL),0.02898692081527643,2.2868106995884774,6.325812471877054,101,KNN
APHIDS(BELOW ETL),0.4035465254082453,1.3278120713305899,5.66025625065202,101,KNN
DUSKY COTTON BUG(BELOW ETL),0.5303221261794944,12.887037037037036,19.405284871209304,101,KNN
SBW(ABOVE ETL),-0.07681049509662641,0.03717421124828532,0.2894581286308137,101,KNN
PBW(ABOVE ETL),0.628701259325416,2.102846364883402,4.703371940764277,101,KNN
ABW(ABOVE ETL),-0.38618721855558813,0.031207133058984912,0.2784436463587037,101,KNN
Army Worm(ABOVE ETL),0.24321594815944092,1.5124451303155007,3.1852512751541373,101,KNN
SBW(BELOW ETL),-0.0057236172367116644,0.2689677640603566,1.5430785437942696,101,KNN
PBW(BELOW ETL),0.5898528642707679,7.178189300411522,11.801398074044346,101,KNN
ABW(BELOW ETL),0.1948807698987577,0.5938854595336077,2.259175309612125,101,KNN
CLCV(%SPOT),0.5654837470870648,4.5127983539094645,9.788941207242372,101,KNN
CLCV(%AREA),0.5122955067297235,4.969053497942387,10.853409776300294,101,KNN
WILT(%SPOT),0.29685147967540093,0.4568724279835391,2.110577304181796,101,KNN
WILT(%AREA),0.2588441081398165,0.44775034293552807,2.174568449689922,101,KNN
W. FLY(ABOVE ETL),0.8170826684657212,4.1594718680403036,7.153030015659985,0,XGBoost
JASSID(ABOVE ETL),0.6334149648996666,3.226752399961031,5.474311693681098,0,XGBoost
THRIPS(ABOVE ETL),0.6035318113137951,1.434499313027709,3.176998625735379,0,XGBoost
M.BUG(ABOVE ETL),0.8212359875877991,2.885768173203199,5.571733083230941,0,XGBoost
MITES(ABOVE ETL),-0.6959429409892297,0.023731138604719943,0.21969239011680283,0,XGBoost
APHIDS(ABOVE ETL),-0.5170473167558158,0.032897805099685984,0.3832630526331477,0,XGBoost
DUSKY COTTON BUG(ABOVE ETL),0.49303740703432963,0.8707201673700607,3.5087400839419227,0,XGBoost
W. FLY(BELOW ETL),0.8181938663894196,10.171015131398013,14.587555875985577,0,XGBoost
JASSID(BELOW ETL),0.8329049837250243,10.064965721362146,14.918448377960162,0,XGBoost
THRIPS(BELOW ETL),0.7581786835782199,12.719173530390274,18.610476033792565,0,XGBoost
MITES(BELOW ETL),0.28389692191540195,1.8213477354696013,5.110005630804461,0,XGBoost
APHIDS(BELOW ETL),0.565208139840095,1.2101234610356257,4.925859595869556,0,XGBoost
DUSKY COTTON BUG(BELOW ETL),0.7803769650371861,8.829283292299579,13.532349739592014,0,XGBoost
SBW(ABOVE ETL),-0.34665423505069093,0.05277777795254448,0.34943124452285756,0,XGBoost
PBW(ABOVE ETL),0.8042664178833436,1.7313134459440889,3.6941956067074386,0,XGBoost
ABW(ABOVE ETL),-0.951506427607635,0.04663923200276081,0.3166287607465311,0,XGBoost
Army Worm(ABOVE ETL),0.4560466210850864,1.407750341876708,2.8246837999456047,0,XGBoost
SBW(BELOW ETL),0.368949170540819,0.2559122088415592,1.0663811345395227,0,XGBoost
PBW(BELOW ETL),0.7839214494117455,5.360185201499811,8.652749275752775,0,XGBoost
ABW(BELOW ETL),0.325010152936828,0.615205763233174,1.8882250693967486,0,XGBoost
CLCV(%SPOT),0.8224320833341277,3.1362654364122324,6.309652160147595,0,XGBoost
CLCV(%AREA),0.7163085984680182,3.726941010510991,8.387943764150947,0,XGBoost
WILT(%SPOT),0.33976302018714,0.48624142786889085,1.9871300753856087,0,XGBoost
WILT(%AREA),0.289853560362894,0.4667661192468451,1.9880441247733975,0,XGBoost
W. FLY(ABOVE ETL),0.8194142453129971,4.032692045544278,6.749662540915893,21,XGBoost
JASSID(ABOVE ETL),0.6092565394093135,3.3658298949504832,5.703136881580726,21,XGBoost
THRIPS(ABOVE ETL),0.5790961103191063,1.4948868310866452,3.2678206558069007,21,XGBoost
M.BUG(ABOVE ETL),0.8509065679333498,2.5862619971468614,4.875044453182512,21,XGBoost
MITES(ABOVE ETL),-0.22164246538174281,0.019135802461470595,0.2192235949324359,21,XGBoost
APHIDS(ABOVE ETL),-0.12127010138241667,0.02626886152456654,0.32270079413468883,21,XGBoost
DUSKY COTTON BUG(ABOVE ETL),0.6764785282411672,0.7701577496551111,2.551471976343385,21,XGBoost
W. FLY(BELOW ETL),0.8247884385384047,10.218840897216964,14.474490923432809,21,XGBoost
JASSID(BELOW ETL),0.8512882048056857,9.536556955367143,14.116664875996394,21,XGBoost
THRIPS(BELOW ETL),0.7881987158335768,12.1443998724446,17.406911159309406,21,XGBoost
MITES(BELOW ETL),0.3219905195233582,1.8319890299616242,4.90748788692177,21,XGBoost
APHIDS(BELOW ETL),0.5266908666235961,1.1310871074050257,4.64075919197221,21,XGBoost
DUSKY COTTON BUG(BELOW ETL),0.7826767050226506,9.046131710817907,13.816620061865413,21,XGBoost
SBW(ABOVE ETL),0.23207934077034809,0.05281207143177057,0.3720056477317179,21,XGBoost
PBW(ABOVE ETL),0.8135568968568327,1.6885219488120211,3.4656050402206837,21,XGBoost
ABW(ABOVE ETL),-0.2504333564437735,0.04732510305287008,0.3942748718928815,21,XGBoost
Army Worm(ABOVE ETL),0.47914206767503575,1.3293209878980747,2.70592113008203,21,XGBoost
SBW(BELOW ETL),0.3979371873859199,0.25366598107769,1.1158072478126424,21,XGBoost
PBW(BELOW ETL),0.7647697534002541,5.512925247478367,8.946904180829819,21,XGBoost
ABW(BELOW ETL),0.4562467598304518,0.5385288083918178,1.686112252957974,21,XGBoost
CLCV(%SPOT),0.8311802744117314,3.1093552910829847,6.4988494153286736,21,XGBoost
CLCV(%AREA),0.7599823981428313,3.6930829854419938,8.197953486369604,21,XGBoost
WILT(%SPOT),0.31069900657017513,0.42844307387561953,1.8875693149288009,21,XGBoost
WILT(%AREA),0.19768648937364386,0.4344101520240388,2.0504004226591923,21,XGBoost
W. FLY(ABOVE ETL),0.8153227870660298,4.0089129078788845,7.03119618808287,42,XGBoost
JASSID(ABOVE ETL),0.6106332679793575,3.2993621418314416,5.691794324345951,42,XGBoost
THRIPS(ABOVE ETL),0.584102397552891,1.4785939640802204,3.2390864950538267,42,XGBoost
M.BUG(ABOVE ETL),0.8246716104519205,2.6855212596249967,5.3540867849435365,42,XGBoost
MITES(ABOVE ETL),-0.4501057261187591,0.020198902607332044,0.18637580159269238,42,XGBoost
APHIDS(ABOVE ETL),-0.25411959499294334,0.02425583004092974,0.29125626646304936,42,XGBoost
DUSKY COTTON BUG(ABOVE ETL),0.5361003020432098,0.8949417018769782,3.0375793466204652,42,XGBoost
W. FLY(BELOW ETL),0.805064819658263,10.40590532527631,15.30165986551163,42,XGBoost
JASSID(BELOW ETL),0.8331101103146656,10.0628189113636,15.023586953484534,42,XGBoost
THRIPS(BELOW ETL),0.7475291686436748,12.855572690349709,18.984341782448787,42,XGBoost
MITES(BELOW ETL),0.33481453576069453,1.8552400558799589,4.6853882013580375,42,XGBoost
APHIDS(BELOW ETL),0.4818161363704251,1.1498971207703583,4.767933929288173,42,XGBoost
DUSKY COTTON BUG(BELOW ETL),0.7741743504385385,8.842911542008832,14.009002101029973,42,XGBoost
SBW(ABOVE ETL),0.3146350720015586,0.04290123448358396,0.31879294640146366,42,XGBoost
PBW(ABOVE ETL),0.8183950948578973,1.6427880744598244,3.5095167474034255,42,XGBoost
ABW(ABOVE ETL),-0.025374896441055617,0.04104938281518605,0.4087477950039629,42,XGBoost
Army Worm(ABOVE ETL),0.4772015970546438,1.2984499323189218,2.569762116955804,42,XGBoost
SBW(BELOW ETL),0.3966657366372326,0.27176954774413414,1.2846721403111563,42,XGBoost
PBW(BELOW ETL),0.7974113205765389,5.169790827285892,8.439307470912025,42,XGBoost
ABW(BELOW ETL),0.48708599771322547,0.5815294937523713,1.946630849852039,42,XGBoost
CLCV(%SPOT),0.8225278560812879,3.0884499381020647,6.663473139004489,42,XGBoost
CLCV(%AREA),0.7633232843293928,3.6157338861724564,8.004105771944792,42,XGBoost
WILT(%SPOT),0.1596478251628668,0.4374108367218074,1.7869479944694804,42,XGBoost
WILT(%AREA),0.13436560769827233,0.4261728406304031,1.7588801086141062,42,XGBoost
W. FLY(ABOVE ETL),0.8058946734079508,3.9064231870219177,6.805999000026717,77,XGBoost
JASSID(ABOVE ETL),0.6092112308331217,3.406491771877548,6.0237868945074675,77,XGBoost
THRIPS(ABOVE ETL),0.4970312501166988,1.4818244187383616,3.2019398086780733,77,XGBoost
M.BUG(ABOVE ETL),0.8344969991739796,2.5046673656748646,4.938275934899089,77,XGBoost
MITES(ABOVE ETL),-0.18153513784023123,0.021227709262214078,0.24019168135494207,77,XGBoost
APHIDS(ABOVE ETL),-0.15783602600509816,0.0299828533809862,0.34835440140905016,77,XGBoost
DUSKY COTTON BUG(ABOVE ETL),0.6972624947351762,0.7130315535056656,2.4081594300059566,77,XGBoost
W. FLY(BELOW ETL),0.7939011019159702,10.264560989327473,15.653272790697715,77,XGBoost
JASSID(BELOW ETL),0.8368634550725661,9.825682442124592,14.862322872354579,77,XGBoost
THRIPS(BELOW ETL),0.7541665260300365,12.833484239272558,18.80659733983075,77,XGBoost
MITES(BELOW ETL),0.3246909831845033,1.8949417011058582,4.724597509419053,77,XGBoost
APHIDS(BELOW ETL),0.5828545440981683,1.2729012382047862,4.975135364556478,77,XGBoost
DUSKY COTTON BUG(BELOW ETL),0.7859741540885525,8.722026748099404,13.399759701440983,77,XGBoost
SBW(ABOVE ETL),0.0034596251871799044,0.03933470530335795,0.3068211734762353,77,XGBoost
PBW(ABOVE ETL),0.8209450483228118,1.6028566510768911,3.3393887180265724,77,XGBoost
ABW(ABOVE ETL),-0.1938576810574686,0.03408779178596573,0.24922376157681347,77,XGBoost
Army Worm(ABOVE ETL),0.42123645734676085,1.352403978820691,2.627577009415259,77,XGBoost
SBW(BELOW ETL),0.4684064558787664,0.2391529496676392,1.1024105184955073,77,XGBoost
PBW(BELOW ETL),0.8029944613591937,5.120267472602172,8.254870234250618,77,XGBoost
ABW(BELOW ETL),0.5367685524033681,0.5470541866521245,1.6032252880861566,77,XGBoost
CLCV(%SPOT),0.8205158613111255,2.9412277114033616,5.959249717164236,77,XGBoost
CLCV(%AREA),0.7904080279514631,3.3221330663031394,6.749618891833934,77,XGBoost
WILT(%SPOT),0.48000467027475135,0.4334670788807021,1.768303426267722,77,XGBoost
WILT(%AREA),0.2876802065183739,0.46702675072959177,2.091002458757223,77,XGBoost
W. FLY(ABOVE ETL),0.812564777539693,3.933305908761438,6.643951679974472,101,XGBoost
JASSID(ABOVE ETL),0.5615356541925562,3.391200274484352,5.948114290947431,101,XGBoost
THRIPS(ABOVE ETL),0.5286594803662201,1.4363031571153013,3.1437412765397084,101,XGBoost
M.BUG(ABOVE ETL),0.8231593478283892,2.6182681712828098,5.126786107297162,101,XGBoost
MITES(ABOVE ETL),-0.20089304618575476,0.01858710566195768,0.22856683551712215,101,XGBoost
APHIDS(ABOVE ETL),-0.1703943562923249,0.0243587106232249,0.31428108372814645,101,XGBoost
DUSKY COTTON BUG(ABOVE ETL),0.4600597860885426,0.8012517165464179,3.232934110189943,101,XGBoost
W. FLY(BELOW ETL),0.8069731799799983,10.404725603772166,15.190483071085055,101,XGBoost
JASSID(BELOW ETL),0.8383500082178048,9.93436904412739,14.89024950605866,101,XGBoost
THRIPS(BELOW ETL),0.7556744409457499,12.365044563919183,18.7295078012274,101,XGBoost
MITES(BELOW ETL),0.2976325920645837,2.0128257893741295,5.380045500777393,101,XGBoost
APHIDS(BELOW ETL),0.41191670893453025,1.2870370386329328,5.620400019638726,101,XGBoost
DUSKY COTTON BUG(BELOW ETL),0.7859888826664627,8.517983538957699,13.098999909261599,101,XGBoost
SBW(ABOVE ETL),0.09401946649772197,0.035665294956237034,0.26550673570759076,101,XGBoost
PBW(ABOVE ETL),0.8068186542097399,1.6235322347183203,3.3925806400849643,101,XGBoost
ABW(ABOVE ETL),-0.24363214453056936,0.03762002764486891,0.26373777429156137,101,XGBoost
Army Worm(ABOVE ETL),0.4977476948769548,1.2922805225983036,2.5948883837899226,101,XGBoost
SBW(BELOW ETL),0.47761730624481347,0.24245884838510198,1.1120980992036804,101,XGBoost
PBW(BELOW ETL),0.7818004579841477,5.193552822477103,8.607767652964789,101,XGBoost
ABW(BELOW ETL),0.4285897812225269,0.5826440348539538,1.9032412179310707,101,XGBoost
CLCV(%SPOT),0.8152686540163392,3.1228943809659433,6.382679018859272,101,XGBoost
CLCV(%AREA),0.7276715701291991,3.69991084368437,8.110251332676716,101,XGBoost
WILT(%SPOT),0.24565546672664218,0.5337791516222008,2.1860626480930434,101,XGBoost
WILT(%AREA),0.23307951546497585,0.5020919083879523,2.2120425108595794,101,XGBoost
W. FLY(ABOVE ETL),0.779595852774894,5.650013717421125,7.851859141331347,0,VotingRegressor
JASSID(ABOVE ETL),0.6019799812234652,3.7104561042524007,5.7041982800243405,0,VotingRegressor
THRIPS(ABOVE ETL),0.5650198912895021,1.97639231824417,3.327725942010597,0,VotingRegressor
M.BUG(ABOVE ETL),0.8257630996615215,3.071008230452675,5.500729949067229,0,VotingRegressor
MITES(ABOVE ETL),-1.2196439492867412,0.09814814814814816,0.2513338900344229,0,VotingRegressor
APHIDS(ABOVE ETL),-0.32221575907807876,0.06914609053497943,0.35780677169536107,0,VotingRegressor
DUSKY COTTON BUG(ABOVE ETL),0.4607110439689448,1.1807681755829904,3.618878512363022,0,VotingRegressor
W. FLY(BELOW ETL),0.7626525157336559,13.668443072702333,16.667504594162665,0,VotingRegressor
JASSID(BELOW ETL),0.7656754888565804,14.867572016460905,17.666510147610094,0,VotingRegressor
THRIPS(BELOW ETL),0.6956077995375207,17.372342249657063,20.879829672196028,0,VotingRegressor
MITES(BELOW ETL),0.2475317015127897,2.286814128943759,5.238147365795349,0,VotingRegressor
APHIDS(BELOW ETL),0.541888314027493,1.3317626886145404,5.056232216281774,0,VotingRegressor
DUSKY COTTON BUG(BELOW ETL),0.7372350745960574,11.5044341563786,14.80191704880202,0,VotingRegressor
SBW(ABOVE ETL),0.10815596409109851,0.051646090534979434,0.2843663087126606,0,VotingRegressor
PBW(ABOVE ETL),0.7785893169510376,2.002609739368999,3.929040461819817,0,VotingRegressor
ABW(ABOVE ETL),-0.9742030232454646,0.07880658436213993,0.3184646810659225,0,VotingRegressor
Army Worm(ABOVE ETL),0.44198924995508926,1.6822016460905351,2.860950097351159,0,VotingRegressor
SBW(BELOW ETL),0.3905207080706876,0.2874622770919067,1.0479963245623987,0,VotingRegressor
PBW(BELOW ETL),0.7587901063372355,6.116529492455419,9.142097511708144,0,VotingRegressor
ABW(BELOW ETL),0.023748432975367217,1.5952537722908093,2.2708372578967104,0,VotingRegressor
CLCV(%SPOT),0.7810214423151072,3.654612482853223,7.006868448363712,0,VotingRegressor
CLCV(%AREA),0.6783116721585503,5.111035665294925,8.932027989515426,0,VotingRegressor
WILT(%SPOT),0.3559052230836053,0.5960150891632373,1.9626879786427889,0,VotingRegressor
WILT(%AREA),0.29622819962697344,0.6134396433470507,1.9791011576769502,0,VotingRegressor
W. FLY(ABOVE ETL),0.7778958453457097,4.976512345679012,7.4854628134963,21,VotingRegressor
JASSID(ABOVE ETL),0.5991630495379733,3.6477640603566535,5.776327530478946,21,VotingRegressor
THRIPS(ABOVE ETL),0.5498263234997391,2.10627914951989,3.3795337835216763,21,VotingRegressor
M.BUG(ABOVE ETL),0.8245301804935328,3.155925925925926,5.288719561040845,21,VotingRegressor
MITES(ABOVE ETL),-0.10143090180741354,0.02163923182441701,0.20815836273869018,21,VotingRegressor
APHIDS(ABOVE ETL),-0.08755740878213558,0.0362482853223594,0.31781252507947777,21,VotingRegressor
DUSKY COTTON BUG(ABOVE ETL),0.592174597909848,1.0934567901234569,2.8646817704747827,21,VotingRegressor
W. FLY(BELOW ETL),0.7589259024301669,14.144972565157753,16.978416890966507,21,VotingRegressor
JASSID(BELOW ETL),0.777543437337951,14.632297668038408,17.26561322596412,21,VotingRegressor
THRIPS(BELOW ETL),0.7031127228530076,17.46484567901235,20.608824061159176,21,VotingRegressor
MITES(BELOW ETL),0.2852406889546474,2.4530384087791495,5.038732047322897,21,VotingRegressor
APHIDS(BELOW ETL),0.5472737566829144,1.2368484224965706,4.538730813845286,21,VotingRegressor
DUSKY COTTON BUG(BELOW ETL),0.7274094232996615,12.34377914951989,15.474053496697486,21,VotingRegressor
SBW(ABOVE ETL),0.3412331469635024,0.06001371742112483,0.34455394515928645,21,VotingRegressor
PBW(ABOVE ETL),0.7828915064655664,1.982767489711934,3.739764994670589,21,VotingRegressor
ABW(ABOVE ETL),-0.016566735890553463,0.0467764060356653,0.3554976804749157,21,VotingRegressor
Army Worm(ABOVE ETL),0.43486365717846454,1.7025034293552812,2.818591326260669,21,VotingRegressor
SBW(BELOW ETL),0.4392688780488134,0.2955727023319616,1.0768261835735744,21,VotingRegressor
PBW(BELOW ETL),0.7408369672737183,6.241738683127572,9.39101925388752,21,VotingRegressor
ABW(BELOW ETL),0.3206976943898965,1.0186042524005487,1.8845909435979358,21,VotingRegressor
CLCV(%SPOT),0.7927425805075039,3.6071124828532235,7.200786298704879,21,VotingRegressor
CLCV(%AREA),0.726990878073919,4.170531550068588,8.743241671795015,21,VotingRegressor
WILT(%SPOT),0.23547165912307455,0.8192181069958848,1.9879032836183397,21,VotingRegressor
WILT(%AREA),0.23035016212867576,0.4829286694101509,2.008228938768572,21,VotingRegressor
W. FLY(ABOVE ETL),0.7791271650083776,4.629495884773663,7.689422301396776,42,VotingRegressor
JASSID(ABOVE ETL),0.5795420893996519,3.811906721536351,5.91467711289418,42,VotingRegressor
THRIPS(ABOVE ETL),0.5546750760673071,2.002750342935528,3.351720828214675,42,VotingRegressor
M.BUG(ABOVE ETL),0.8053857446234984,3.3047050754458165,5.640876728012322,42,VotingRegressor
MITES(ABOVE ETL),-0.3576219458459018,0.030006858710562415,0.1803346226648872,42,VotingRegressor
APHIDS(ABOVE ETL),-0.15221425470630878,0.030565843621399174,0.279172363433061,42,VotingRegressor
DUSKY COTTON BUG(ABOVE ETL),0.5168893379378716,1.1865740740740742,3.0998372838839345,42,VotingRegressor
W. FLY(BELOW ETL),0.7887689420136434,12.562942386831274,15.92840607733897,42,VotingRegressor
JASSID(BELOW ETL),0.8147351320312425,12.433539094650206,15.829061147697873,42,VotingRegressor
THRIPS(BELOW ETL),0.7032665732616237,16.442424554183813,20.58131762093276,42,VotingRegressor
MITES(BELOW ETL),0.33266626646183617,2.240850480109739,4.6929480192210855,42,VotingRegressor
APHIDS(BELOW ETL),0.5387855867430533,1.312962962962963,4.498209947275338,42,VotingRegressor
DUSKY COTTON BUG(BELOW ETL),0.7352118168931817,11.392451989026062,15.169451095420401,42,VotingRegressor
SBW(ABOVE ETL),0.3751349692266238,0.04989711934156379,0.3043973560051656,42,VotingRegressor
PBW(ABOVE ETL),0.7878707555060525,1.9255384087791494,3.7930084000576767,42,VotingRegressor
ABW(ABOVE ETL),-0.3000134775481753,0.21330589849108367,0.4602438668897199,42,VotingRegressor
Army Worm(ABOVE ETL),0.46125694545795104,1.5763031550068587,2.608654951969734,42,VotingRegressor
SBW(BELOW ETL),0.42195868093227307,0.30781207133058985,1.257455870990991,42,VotingRegressor
PBW(BELOW ETL),0.7686397418758328,6.013645404663923,9.01869299207609,42,VotingRegressor
ABW(BELOW ETL),0.4154238405220785,0.7962482853223595,2.078173841567407,42,VotingRegressor
CLCV(%SPOT),0.7909343279896824,3.671954732510288,7.232308080988149,42,VotingRegressor
CLCV(%AREA),0.7317550382318367,4.171399176954732,8.52120157424183,42,VotingRegressor
WILT(%SPOT),0.276773390970241,0.6099485596707819,1.657747751109925,42,VotingRegressor
WILT(%AREA),0.20341361320305051,0.5260356652949246,1.6872732688205159,42,VotingRegressor
W. FLY(ABOVE ETL),0.7602518003140379,5.194756515775034,7.5639880073120125,77,VotingRegressor
JASSID(ABOVE ETL),0.5830090004405994,3.764098079561042,6.222456981351792,77,VotingRegressor
THRIPS(ABOVE ETL),0.4838742065762077,1.824259259259259,3.243548857451072,77,VotingRegressor
M.BUG(ABOVE ETL),0.8194823445043777,2.986800411522633,5.157417138763344,77,VotingRegressor
MITES(ABOVE ETL),-0.019577104371265586,0.01622085048010974,0.22312317364470224,77,VotingRegressor
APHIDS(ABOVE ETL),-0.23999663234769053,0.04826131687242799,0.3605022882906928,77,VotingRegressor
DUSKY COTTON BUG(ABOVE ETL),0.5935748430096783,0.9758916323731139,2.7902454769560197,77,VotingRegressor
W. FLY(BELOW ETL),0.7851509958621591,11.750706447187929,15.98210543393795,77,VotingRegressor
JASSID(BELOW ETL),0.8104386369546469,11.631121399176957,16.020865453204596,77,VotingRegressor
THRIPS(BELOW ETL),0.6692601332711512,18.060349794238682,21.813883555548614,77,VotingRegressor
MITES(BELOW ETL),0.3177307105396907,2.240373799725652,4.7488828265326966,77,VotingRegressor
APHIDS(BELOW ETL),0.5858227436460224,1.38082304526749,4.957403471269484,77,VotingRegressor
DUSKY COTTON BUG(BELOW ETL),0.7468564731451207,10.794200960219479,14.572944547739665,77,VotingRegressor
SBW(ABOVE ETL),0.18210431368630653,0.043209876543209874,0.2779629012756859,77,VotingRegressor
PBW(ABOVE ETL),0.7945258017186827,1.8096467764060358,3.5772760508183556,77,VotingRegressor
ABW(ABOVE ETL),-3.2512723277861406,0.3326474622770919,0.47029745716592525,77,VotingRegressor
Army Worm(ABOVE ETL),0.35105613609612984,1.834125514403292,2.782328697968501,77,VotingRegressor
SBW(BELOW ETL),0.4597559728835071,0.32094307270233197,1.1113439416548547,77,VotingRegressor
PBW(BELOW ETL),0.7684208541900366,5.907894375857338,8.949953034951992,77,VotingRegressor
ABW(BELOW ETL),0.4736799381614738,0.8364506172839505,1.7089151473363475,77,VotingRegressor
CLCV(%SPOT),0.7896244219943431,3.3536419753086424,6.45173035349307,77,VotingRegressor
CLCV(%AREA),0.7567122651755313,3.8433676268861454,7.271969305885022,77,VotingRegressor
WILT(%SPOT),0.42762264954628204,0.5305521262002744,1.855232257264589,77,VotingRegressor
WILT(%AREA),0.29129555646888305,0.5586248285322359,2.0856893098252534,77,VotingRegressor
W. FLY(ABOVE ETL),0.768890590223073,4.945089163237311,7.377507785480712,101,VotingRegressor
JASSID(ABOVE ETL),0.5505646970445754,3.7343895747599456,6.0220693741707345,101,VotingRegressor
THRIPS(ABOVE ETL),0.5121519018131934,1.945150891632373,3.1983185525813416,101,VotingRegressor
M.BUG(ABOVE ETL),0.8154538077748776,2.8969375857338826,5.237290805968538,101,VotingRegressor
MITES(ABOVE ETL),-0.05671335835971969,0.01601508916323731,0.2144073402301834,101,VotingRegressor
APHIDS(ABOVE ETL),-0.1257925620898641,0.026519204389574766,0.3082345520778782,101,VotingRegressor
DUSKY COTTON BUG(ABOVE ETL),0.4026543695370798,1.251834705075446,3.4004536683936206,101,VotingRegressor
W. FLY(BELOW ETL),0.7877479140993072,11.811831275720166,15.929008370948765,101,VotingRegressor
JASSID(BELOW ETL),0.8259997598282198,11.548148148148146,15.44859740327241,101,VotingRegressor
THRIPS(BELOW ETL),0.7305055210367151,14.60363854595336,19.67056571431696,101,VotingRegressor
MITES(BELOW ETL),0.249968287524719,2.5124759945130317,5.5596005151015255,101,VotingRegressor
APHIDS(BELOW ETL),0.5282214406310517,1.4182784636488344,5.034042832833105,101,VotingRegressor
DUSKY COTTON BUG(BELOW ETL),0.7577383226974546,10.133004115226338,13.936776382637534,101,VotingRegressor
SBW(ABOVE ETL),0.19741653914089863,0.040534979423868314,0.24989709816398809,101,VotingRegressor
PBW(ABOVE ETL),0.7844598935948948,1.8629698216735253,3.5835348493437182,101,VotingRegressor
ABW(ABOVE ETL),-0.23020436805994882,0.0686556927297668,0.26231009199445593,101,VotingRegressor
Army Worm(ABOVE ETL),0.4109304862736727,1.7398113854595336,2.8102243087153957,101,VotingRegressor
SBW(BELOW ETL),0.4685935157249689,0.2892009602194787,1.1216623251862,101,VotingRegressor
PBW(BELOW ETL),0.7578265920889878,5.968093278463648,9.06832016739794,101,VotingRegressor
ABW(BELOW ETL),0.15365834980682613,1.492520576131687,2.3162887085474266,101,VotingRegressor
CLCV(%SPOT),0.7864273566284959,3.498731138545953,6.862865992399212,101,VotingRegressor
CLCV(%AREA),0.6719493593682213,5.052002743484225,8.901398970674025,101,VotingRegressor
WILT(%SPOT),0.35892170908086973,0.53940329218107,2.0152701180819457,101,VotingRegressor
WILT(%AREA),0.26917436657704163,0.6102743484224965,2.1593606640314293,101,VotingRegressor
W. FLY(ABOVE ETL),0.8204602843839871,3.9731275720164607,7.086681024456147,0,BaggingRegressor
JASSID(ABOVE ETL),0.6249503167969451,3.239372427983539,5.53715342067702,0,BaggingRegressor
THRIPS(ABOVE ETL),0.5931384647893181,1.4504183813443072,3.2183714751391,0,BaggingRegressor
M.BUG(ABOVE ETL),0.8512885353046212,2.568196159122085,5.081857486628614,0,BaggingRegressor
MITES(ABOVE ETL),-0.3335938972180439,0.019513031550068585,0.19481446275140699,0,BaggingRegressor
APHIDS(ABOVE ETL),-0.09669139216928269,0.02675925925925926,0.32586641923101206,0,BaggingRegressor
DUSKY COTTON BUG(ABOVE ETL),0.4597129809563878,0.8842318244170096,3.6222256968096644,0,BaggingRegressor
W. FLY(BELOW ETL),0.826614065855598,9.692379972565158,14.245746057227867,0,BaggingRegressor
JASSID(BELOW ETL),0.8329031427670545,9.706378600823045,14.918530559228655,0,BaggingRegressor
THRIPS(BELOW ETL),0.7473773007261849,12.486759259259259,19.021570757456725,0,BaggingRegressor
MITES(BELOW ETL),0.25832964045914897,1.81829561042524,5.200427784582839,0,BaggingRegressor
APHIDS(BELOW ETL),0.5569154120069968,1.1111522633744855,4.972612854508487,0,BaggingRegressor
DUSKY COTTON BUG(BELOW ETL),0.7919249983217933,8.32317901234568,13.171772543625824,0,BaggingRegressor
SBW(ABOVE ETL),0.18221154603807166,0.04259259259259259,0.27230409451615056,0,BaggingRegressor
PBW(ABOVE ETL),0.8044272549350221,1.7103600823045266,3.692677508403619,0,BaggingRegressor
ABW(ABOVE ETL),-0.4837563602379431,0.037688614540466396,0.2760874496158616,0,BaggingRegressor
Army Worm(ABOVE ETL),0.49994908285325346,1.319307270233196,2.708295909839575,0,BaggingRegressor
SBW(BELOW ETL),0.43228520845874563,0.22875171467764058,1.0114522555686574,0,BaggingRegressor
PBW(BELOW ETL),0.7855942056969031,5.253257887517147,8.619191891439362,0,BaggingRegressor
ABW(BELOW ETL),0.33700607891008416,0.5933950617283951,1.8713710744309198,0,BaggingRegressor
CLCV(%SPOT),0.818312425615025,2.871855281207133,6.382425907093133,0,BaggingRegressor
CLCV(%AREA),0.7383698346334707,3.4223593964334706,8.055200068784645,0,BaggingRegressor
WILT(%SPOT),0.42455471441828296,0.41384773662551433,1.8551472715601194,0,BaggingRegressor
WILT(%AREA),0.3783126383190155,0.4033916323731138,1.860107662046284,0,BaggingRegressor
W. FLY(ABOVE ETL),0.8184836959358647,3.8906824417009602,6.767030532595589,21,BaggingRegressor
JASSID(ABOVE ETL),0.6186334845842179,3.298449931412894,5.634290243074976,21,BaggingRegressor
THRIPS(ABOVE ETL),0.5782926063387503,1.4865329218106995,3.270938297442954,21,BaggingRegressor
M.BUG(ABOVE ETL),0.8484874910418778,2.4300960219478736,4.9144347029878634,21,BaggingRegressor
MITES(ABOVE ETL),-0.07327402161083318,0.017352537722908092,0.20548046676563256,21,BaggingRegressor
APHIDS(ABOVE ETL),-0.04269331168946966,0.025034293552812073,0.31118826203879707,21,BaggingRegressor
DUSKY COTTON BUG(ABOVE ETL),0.6147329725391663,0.8087517146776406,2.784326552044946,21,BaggingRegressor
W. FLY(BELOW ETL),0.8211014175377506,9.798559670781893,14.625993225978359,21,BaggingRegressor
JASSID(BELOW ETL),0.844125531518293,9.350157750342936,14.452630166315052,21,BaggingRegressor
THRIPS(BELOW ETL),0.7577989959612658,12.239173525377229,18.614243376551237,21,BaggingRegressor
MITES(BELOW ETL),0.32057190995097484,1.7696913580246914,4.912619210098556,21,BaggingRegressor
APHIDS(BELOW ETL),0.529908493241974,1.0526577503429355,4.624958002256209,21,BaggingRegressor
DUSKY COTTON BUG(BELOW ETL),0.7962494129779586,8.382887517146777,13.378213086617603,21,BaggingRegressor
SBW(ABOVE ETL),0.32334531861252014,0.05013717421124828,0.3492005370688356,21,BaggingRegressor
PBW(ABOVE ETL),0.8114459413616977,1.6393175582990398,3.4851690429428985,21,BaggingRegressor
ABW(ABOVE ETL),-0.022111344430497004,0.037277091906721536,0.35646584862307346,21,BaggingRegressor
Army Worm(ABOVE ETL),0.4839644279285673,1.2812414266117969,2.693365623405836,21,BaggingRegressor
SBW(BELOW ETL),0.5246542818720763,0.21638888888888888,0.9914551422226728,21,BaggingRegressor
PBW(BELOW ETL),0.7727514945021959,5.335442386831276,8.793802794729512,21,BaggingRegressor
ABW(BELOW ETL),0.440377649298355,0.5352366255144033,1.7105393966333668,21,BaggingRegressor
CLCV(%SPOT),0.8217469838727444,2.932935528120713,6.677952453499008,21,BaggingRegressor
CLCV(%AREA),0.757484009007868,3.355785322359397,8.240510061274051,21,BaggingRegressor
WILT(%SPOT),0.3112215520278343,0.3862962962962963,1.8868537147895406,21,BaggingRegressor
WILT(%AREA),0.27863539604001764,0.37024005486968453,1.9442139016767808,21,BaggingRegressor
W. FLY(ABOVE ETL),0.8025959010402114,3.9226783264746223,7.269434759424996,42,BaggingRegressor
JASSID(ABOVE ETL),0.6014801084018487,3.2823525377229084,5.758306518789592,42,BaggingRegressor
THRIPS(ABOVE ETL),0.562972788320297,1.4994924554183815,3.320347792780235,42,BaggingRegressor
M.BUG(ABOVE ETL),0.8307337379773151,2.553113854595336,5.26071151050006,42,BaggingRegressor
MITES(ABOVE ETL),-0.4072997709232533,0.01858710562414266,0.18360436382141387,42,BaggingRegressor
APHIDS(ABOVE ETL),-0.14190204285981323,0.024941700960219474,0.27792027209364123,42,BaggingRegressor
DUSKY COTTON BUG(ABOVE ETL),0.5506320605892678,0.8503257887517147,2.9896243931881608,42,BaggingRegressor
W. FLY(BELOW ETL),0.8151126213709092,9.996611796982169,14.902085965326124,42,BaggingRegressor
JASSID(BELOW ETL),0.8396946228503093,9.553141289437585,14.724232492614705,42,BaggingRegressor
THRIPS(BELOW ETL),0.724100266940247,12.790757887517149,19.845661483873755,42,BaggingRegressor
MITES(BELOW ETL),0.3525536807910069,1.7936968449931414,4.62249114097826,42,BaggingRegressor
APHIDS(BELOW ETL),0.5919359038690025,1.01820987654321,4.231092096518121,42,BaggingRegressor
DUSKY COTTON BUG(BELOW ETL),0.7774297301822884,8.5325548696845,13.907662483482195,42,BaggingRegressor
SBW(ABOVE ETL),0.3383169845124889,0.04296982167352538,0.31323678575578773,42,BaggingRegressor
PBW(ABOVE ETL),0.8079465268531741,1.6358950617283952,3.6090642584572428,42,BaggingRegressor
ABW(ABOVE ETL),0.024821518120755948,0.04108367626886146,0.3986172946567313,42,BaggingRegressor
Army Worm(ABOVE ETL),0.5173650656274442,1.2328052126200275,2.4690800672721864,42,BaggingRegressor
SBW(BELOW ETL),0.45762054252674234,0.24676954732510287,1.2180494706831697,42,BaggingRegressor
PBW(BELOW ETL),0.795860616063515,5.027698902606311,8.471545018472131,42,BaggingRegressor
ABW(BELOW ETL),0.39958236684407267,0.5914471879286695,2.106143912715833,42,BaggingRegressor
CLCV(%SPOT),0.8120715981150387,2.829650205761317,6.856962333402522,42,BaggingRegressor
CLCV(%AREA),0.7593206107739174,3.3431001371742113,8.071504671021444,42,BaggingRegressor
WILT(%SPOT),0.4293650936781017,0.3380281207133059,1.472517335900243,42,BaggingRegressor
WILT(%AREA),0.2659102893468761,0.339718792866941,1.6197334621289368,42,BaggingRegressor
W. FLY(ABOVE ETL),0.7874315079274243,3.8763203017832644,7.122338332772084,77,BaggingRegressor
JASSID(ABOVE ETL),0.5887211274388408,3.4384739368998627,6.1796910367763305,77,BaggingRegressor
THRIPS(ABOVE ETL),0.4966444019100462,1.469965706447188,3.20317092551305,77,BaggingRegressor
M.BUG(ABOVE ETL),0.842274860611508,2.353343621399177,4.820841765627462,77,BaggingRegressor
MITES(ABOVE ETL),-0.013888205462808445,0.017969821673525378,0.2224998266055643,77,BaggingRegressor
APHIDS(ABOVE ETL),-0.11574466307852038,0.03084019204389575,0.3419638374418702,77,BaggingRegressor
DUSKY COTTON BUG(ABOVE ETL),0.6449377246556617,0.7157064471879286,2.6079807871240597,77,BaggingRegressor
W. FLY(BELOW ETL),0.7989959193608336,9.954382716049382,15.458585630144153,77,BaggingRegressor
JASSID(BELOW ETL),0.8386435009233629,9.35542866941015,14.781016199280817,77,BaggingRegressor
THRIPS(BELOW ETL),0.7584088988503419,12.363854595336077,18.643617475295876,77,BaggingRegressor
MITES(BELOW ETL),0.3505703478791704,1.7891460905349796,4.633184549969284,77,BaggingRegressor
APHIDS(BELOW ETL),0.5785536365532411,1.2168655692729766,5.0007172393660975,77,BaggingRegressor
DUSKY COTTON BUG(BELOW ETL),0.7925489826600989,8.14466049382716,13.192335380496328,77,BaggingRegressor
SBW(ABOVE ETL),0.07305155551114717,0.03806584362139918,0.2959141053588743,77,BaggingRegressor
PBW(ABOVE ETL),0.8145800761065086,1.5683573388203018,3.398224032859433,77,BaggingRegressor
ABW(ABOVE ETL),0.01034788623509808,0.028943758573388205,0.22691042327765354,77,BaggingRegressor
Army Worm(ABOVE ETL),0.421472360839361,1.2953052126200275,2.627041455839551,77,BaggingRegressor
SBW(BELOW ETL),0.5641410913269937,0.20722565157750342,0.9982204502089524,77,BaggingRegressor
PBW(BELOW ETL),0.8091501416880931,4.895973936899863,8.124879963236971,77,BaggingRegressor
ABW(BELOW ETL),0.47573840504253406,0.5397085048010973,1.7055700425652482,77,BaggingRegressor
CLCV(%SPOT),0.8226802940436083,2.645205761316872,5.923208879429737,77,BaggingRegressor
CLCV(%AREA),0.789072539519722,3.002962962962963,6.771088522573106,77,BaggingRegressor
WILT(%SPOT),0.4941147540387889,0.36124485596707817,1.7441469530874785,77,BaggingRegressor
WILT(%AREA),0.3827451926439315,0.3739540466392318,1.9464770064466508,77,BaggingRegressor
W. FLY(ABOVE ETL),0.8112039190153224,3.7945336076817555,6.668027001129457,101,BaggingRegressor
JASSID(ABOVE ETL),0.5567252225486876,3.335692729766804,5.9806539331217,101,BaggingRegressor
THRIPS(ABOVE ETL),0.5330078492046868,1.423840877914952,3.1292063268406647,101,BaggingRegressor
M.BUG(ABOVE ETL),0.8410428104007039,2.397349108367627,4.860648687000143,101,BaggingRegressor
MITES(ABOVE ETL),-0.08493442380491012,0.018689986282578876,0.21725150571458365,101,BaggingRegressor
APHIDS(ABOVE ETL),-0.03857200126128779,0.021649519890260635,0.296053662228771,101,BaggingRegressor
DUSKY COTTON BUG(ABOVE ETL),0.43403417129133304,0.7895233196159122,3.309932380918853,101,BaggingRegressor
W. FLY(BELOW ETL),0.8139447520898725,10.009224965706448,14.913642188265612,101,BaggingRegressor
JASSID(BELOW ETL),0.8454958868151573,9.547613168724281,14.55741136034849,101,BaggingRegressor
THRIPS(BELOW ETL),0.7515442814832896,12.446786694101506,18.887149261758367,101,BaggingRegressor
MITES(BELOW ETL),0.2975643855815264,1.964355281207133,5.380306720952127,101,BaggingRegressor
APHIDS(BELOW ETL),0.5097437833770805,1.176159122085048,5.131677569532268,101,BaggingRegressor
DUSKY COTTON BUG(BELOW ETL),0.7890951161059067,8.077427983539094,13.003590672209363,101,BaggingRegressor
SBW(ABOVE ETL),0.17088412599223424,0.03443072702331962,0.2539941565274063,101,BaggingRegressor
PBW(ABOVE ETL),0.8192122712397346,1.4895473251028808,3.2819507544230704,101,BaggingRegressor
ABW(ABOVE ETL),-0.1569954358697785,0.03731138545953361,0.25438540476288846,101,BaggingRegressor
Army Worm(ABOVE ETL),0.48083474469509646,1.2552091906721536,2.6382170489804024,101,BaggingRegressor
SBW(BELOW ETL),0.5011088968084381,0.2122119341563786,1.08680489981442,101,BaggingRegressor
PBW(BELOW ETL),0.7971103704911947,4.985761316872428,8.300295287027556,101,BaggingRegressor
ABW(BELOW ETL),0.44320147792594,0.5436796982167353,1.878749465517905,101,BaggingRegressor
CLCV(%SPOT),0.8335862151893205,2.7101714677640607,6.057973319579803,101,BaggingRegressor
CLCV(%AREA),0.7375517866119661,3.3826543209876543,7.961770087223739,101,BaggingRegressor
WILT(%SPOT),0.463500787370301,0.41536351165980795,1.8435812162636664,101,BaggingRegressor
WILT(%AREA),0.35984523872749274,0.41977366255144033,2.0209742961314827,101,BaggingRegressor
W. FLY(ABOVE ETL),0.8301759213506925,3.909334705075446,6.892269525933166,0,StackingRegressor
JASSID(ABOVE ETL),0.6464964119780249,3.1543038408779145,5.375750060914395,0,StackingRegressor
THRIPS(ABOVE ETL),0.6052913660197765,1.4182167352537725,3.169940910684154,0,StackingRegressor
M.BUG(ABOVE ETL),0.853917293923123,2.571008230452675,5.036741460554273,0,StackingRegressor
MITES(ABOVE ETL),0.002003735722432509,0.013923182441700961,0.1685286932215327,0,StackingRegressor
APHIDS(ABOVE ETL),0.000189591755951235,0.02442729766803841,0.3111402653888238,0,StackingRegressor
DUSKY COTTON BUG(ABOVE ETL),0.4989822330937207,0.830939643347051,3.488107042615054,0,StackingRegressor
W. FLY(BELOW ETL),0.834809936885155,9.463731138545953,13.904975456843438,0,StackingRegressor
JASSID(BELOW ETL),0.8426580892265203,9.545185185185185,14.476518089461743,0,StackingRegressor
THRIPS(BELOW ETL),0.7683601803645799,12.210997942386832,18.214480978557805,0,StackingRegressor
MITES(BELOW ETL),0.30253819553171535,1.7338991769547323,5.0430563741239895,0,StackingRegressor
APHIDS(BELOW ETL),0.5525535989673358,1.1597119341563786,4.997028609539291,0,StackingRegressor
DUSKY COTTON BUG(BELOW ETL),0.8031093983375981,8.07508573388203,12.812880100420985,0,StackingRegressor
SBW(ABOVE ETL),0.1628844763879681,0.041941015089163244,0.27550303163297035,0,StackingRegressor
PBW(ABOVE ETL),0.8153504440794807,1.654152949245542,3.5880736518171137,0,StackingRegressor
ABW(ABOVE ETL),-0.01119995253000261,0.020164609053497942,0.22792076210763612,0,StackingRegressor
Army Worm(ABOVE ETL),0.49265529911768746,1.3235939643347052,2.7279761186094906,0,StackingRegressor
SBW(BELOW ETL),0.457942229976644,0.22189300411522633,0.9883324832229738,0,StackingRegressor
PBW(BELOW ETL),0.7995108318392548,5.079924554183814,8.334772451867957,0,StackingRegressor
ABW(BELOW ETL),0.38171931148698224,0.562530864197531,1.807165720786788,0,StackingRegressor
CLCV(%SPOT),0.833508872564225,2.808590534979424,6.109683534154379,0,StackingRegressor
CLCV(%AREA),0.7380998446995382,3.399506172839506,8.059355289460555,0,StackingRegressor
WILT(%SPOT),0.4203766729921493,0.4443004115226337,1.861869773506714,0,StackingRegressor
WILT(%AREA),0.34635231183986825,0.3759910836762688,1.9073216000116646,0,StackingRegressor
W. FLY(ABOVE ETL),0.8325459640659337,3.807451989026063,6.499622382721154,21,StackingRegressor
JASSID(ABOVE ETL),0.6328095011819332,3.276262002743485,5.528580703520215,21,StackingRegressor
THRIPS(ABOVE ETL),0.596670939467298,1.471917009602195,3.198869340074659,21,StackingRegressor
M.BUG(ABOVE ETL),0.8638166155679128,2.3592112482853222,4.659200347033783,21,StackingRegressor
MITES(ABOVE ETL),0.008319909856657093,0.01104252400548697,0.19751543149590198,21,StackingRegressor
APHIDS(ABOVE ETL),0.004977099295412568,0.016083676268861456,0.3039915077147528,21,StackingRegressor
DUSKY COTTON BUG(ABOVE ETL),0.6688298722527017,0.756522633744856,2.581456586308568,21,StackingRegressor
W. FLY(BELOW ETL),0.8362282006861914,9.422997256515774,13.993987399355959,21,StackingRegressor
JASSID(BELOW ETL),0.8580037941327652,9.214965706447188,13.794239650334635,21,StackingRegressor
THRIPS(BELOW ETL),0.7911293921751892,11.603179012345679,17.28606268654079,21,StackingRegressor
MITES(BELOW ETL),0.35660323664901783,1.6656721536351167,4.78058218728459,21,StackingRegressor
APHIDS(BELOW ETL),0.5685984380189462,1.0393175582990397,4.430548016557695,21,StackingRegressor
DUSKY COTTON BUG(BELOW ETL),0.8039009165188012,8.17224279835391,13.124611497287548,21,StackingRegressor
SBW(ABOVE ETL),0.254667475507525,0.044958847736625514,0.36649359926066893,21,StackingRegressor
PBW(ABOVE ETL),0.827896271168097,1.5835219478737999,3.3296688653808233,21,StackingRegressor
ABW(ABOVE ETL),0.02765220684342451,0.024039780521262002,0.3476799452186885,21,StackingRegressor
Army Worm(ABOVE ETL),0.501217915974736,1.2570987654320986,2.64795692135254,21,StackingRegressor
SBW(BELOW ETL),0.5176301789429816,0.22410493827160494,0.9987535613297513,21,StackingRegressor
PBW(BELOW ETL),0.7845117951269981,5.20806927297668,8.56323684162486,21,StackingRegressor
ABW(BELOW ETL),0.4718456409409816,0.5099965706447187,1.6617511566782603,21,StackingRegressor
CLCV(%SPOT),0.8419564249462089,2.8195404663923185,6.2880111283789315,21,StackingRegressor
CLCV(%AREA),0.7718716137990786,3.372040466392318,7.992332953682798,21,StackingRegressor
WILT(%SPOT),0.3530636650685558,0.3939094650205761,1.828644265325645,21,StackingRegressor
WILT(%AREA),0.31758091489337914,0.41588477366255144,1.8910029745235897,21,StackingRegressor
W. FLY(ABOVE ETL),0.8232798695686242,3.781766117969822,6.878053852234561,42,StackingRegressor
JASSID(ABOVE ETL),0.6273058817808068,3.2098628257887514,5.568600302396138,42,StackingRegressor
THRIPS(ABOVE ETL),0.5939849757041834,1.460432098765432,3.200371463350677,42,StackingRegressor
M.BUG(ABOVE ETL),0.8425936093304527,2.4706995884773666,5.073065444493618,42,StackingRegressor
MITES(ABOVE ETL),-0.0031484735360363114,0.0067558299039780535,0.1550144911142774,42,StackingRegressor
APHIDS(ABOVE ETL),-0.004091550032161884,0.011635802469135802,0.26061082885257536,42,StackingRegressor
DUSKY COTTON BUG(ABOVE ETL),0.5684526836241504,0.864454732510288,2.929744829640261,42,StackingRegressor
W. FLY(BELOW ETL),0.8266690257910753,9.681207133058985,14.42884343150618,42,StackingRegressor
JASSID(BELOW ETL),0.8470757583948028,9.473792866941015,14.381255060645492,42,StackingRegressor
THRIPS(BELOW ETL),0.7548932991502872,12.357884087791493,18.705422892202456,42,StackingRegressor
MITES(BELOW ETL),0.35327902538968736,1.8400205761316872,4.619901089505873,42,StackingRegressor
APHIDS(BELOW ETL),0.569951742219402,1.0564128943758573,4.34357057612677,42,StackingRegressor
DUSKY COTTON BUG(BELOW ETL),0.793743233690404,8.175901920438957,13.388276366553514,42,StackingRegressor
SBW(ABOVE ETL),0.33401538579588763,0.03377914951989026,0.31425331188854927,42,StackingRegressor
PBW(ABOVE ETL),0.8262433088538199,1.5639128943758573,3.432845839177104,42,StackingRegressor
ABW(ABOVE ETL),0.019433559141149526,0.03943758573388203,0.39971697806252904,42,StackingRegressor
Army Worm(ABOVE ETL),0.5268747545273053,1.1993004115226338,2.4446340554968398,42,StackingRegressor
SBW(BELOW ETL),0.45006813807274904,0.24183127572016463,1.2265005646621603,42,StackingRegressor
PBW(BELOW ETL),0.8104677759897729,4.846855281207133,8.162830011268577,42,StackingRegressor
ABW(BELOW ETL),0.45656731469601586,0.5600342935528121,2.003706938451555,42,StackingRegressor
CLCV(%SPOT),0.8319733907523927,2.73778463648834,6.483724982087615,42,StackingRegressor
CLCV(%AREA),0.7766882936296068,3.312990397805212,7.774828126752944,42,StackingRegressor
WILT(%SPOT),0.4295201441674994,0.33041495198902604,1.4723172692356215,42,StackingRegressor
WILT(%AREA),0.32429637990575133,0.3589917695473251,1.5539860247626909,42,StackingRegressor
W. FLY(ABOVE ETL),0.8124239363466863,3.6922050754458158,6.690550655417111,77,StackingRegressor
JASSID(ABOVE ETL),0.6130370452157687,3.323748285322359,5.994227993552058,77,StackingRegressor
THRIPS(ABOVE ETL),0.5340012736199018,1.407119341563786,3.082016980714115,77,StackingRegressor
M.BUG(ABOVE ETL),0.8540540055656621,2.28369341563786,4.637335390798143,77,StackingRegressor
MITES(ABOVE ETL),0.009148323450450135,0.011522633744855966,0.21995759661187025,77,StackingRegressor
APHIDS(ABOVE ETL),0.0073948168676519765,0.01900891632373114,0.32254182744672805,77,StackingRegressor
DUSKY COTTON BUG(ABOVE ETL),0.6937212464437282,0.6780864197530865,2.4222031089969662,77,StackingRegressor
W. FLY(BELOW ETL),0.8062932956836992,9.707338820301782,15.175382450214824,77,StackingRegressor
JASSID(BELOW ETL),0.8422203300103506,9.240490397805212,14.616270889855988,77,StackingRegressor
THRIPS(BELOW ETL),0.7741029745916237,12.005658436213992,18.027893054473648,77,StackingRegressor
MITES(BELOW ETL),0.3712081898545774,1.7323148148148146,4.558972585535615,77,StackingRegressor
APHIDS(BELOW ETL),0.5898183540549603,1.2586351165980796,4.933433230831517,77,StackingRegressor
DUSKY COTTON BUG(BELOW ETL),0.8084932294116085,7.861601508916324,12.675233410458452,77,StackingRegressor
SBW(ABOVE ETL),0.18842095147674498,0.037585733882030174,0.27688746209726917,77,StackingRegressor
PBW(ABOVE ETL),0.8303931512231115,1.517705761316872,3.2500908449897015,77,StackingRegressor
ABW(ABOVE ETL),0.05121536395817228,0.022565157750342936,0.22217592110239012,77,StackingRegressor
Army Worm(ABOVE ETL),0.45490337812914516,1.2655384087791497,2.550008425441311,77,StackingRegressor
SBW(BELOW ETL),0.5281048111972115,0.23682098765432097,1.0386668575043274,77,StackingRegressor
PBW(BELOW ETL),0.8200092415782518,4.765582990397806,7.890347600313455,77,StackingRegressor
ABW(BELOW ETL),0.5324873443704607,0.5168004115226338,1.610616793047508,77,StackingRegressor
CLCV(%SPOT),0.8421562962691531,2.590781893004115,5.588460406224075,77,StackingRegressor
CLCV(%AREA),0.8045449877872295,3.007935528120713,6.5180147006477425,77,StackingRegressor
WILT(%SPOT),0.46387688542631955,0.35339163237311394,1.7955162204620674,77,StackingRegressor
WILT(%AREA),0.36328344874553264,0.37662894375857336,1.9769246061726995,77,StackingRegressor
W. FLY(ABOVE ETL),0.8270805445581576,3.677194787379973,6.381500268668203,101,StackingRegressor
JASSID(ABOVE ETL),0.5846455392138695,3.2495679012345686,5.789240641193463,101,StackingRegressor
THRIPS(ABOVE ETL),0.5606455440962214,1.3852743484224965,3.0351972973342036,101,StackingRegressor
M.BUG(ABOVE ETL),0.8478535235675222,2.376910150891632,4.755378548251885,101,StackingRegressor
MITES(ABOVE ETL),-0.002320802054743387,0.0100480109739369,0.20881631258249128,101,StackingRegressor
APHIDS(ABOVE ETL),-0.016295486424246608,0.01695130315500686,0.29286139785555465,101,StackingRegressor
DUSKY COTTON BUG(ABOVE ETL),0.4783690449935887,0.7640432098765432,3.177647319906968,101,StackingRegressor
W. FLY(BELOW ETL),0.8215023953645966,9.791556927297668,14.607602864742956,101,StackingRegressor
JASSID(BELOW ETL),0.8515799286023347,9.456248285322358,14.267912905646979,101,StackingRegressor
THRIPS(BELOW ETL),0.7718028948637848,11.854585048010975,18.10076705568345,101,StackingRegressor
MITES(BELOW ETL),0.30862024847363156,1.915665294924554,5.3377975914764715,101,StackingRegressor
APHIDS(BELOW ETL),0.5356744828280684,1.235562414266118,4.994121249104236,101,StackingRegressor
DUSKY COTTON BUG(BELOW ETL),0.8039925304939624,7.760054869684499,12.53592204681355,101,StackingRegressor
SBW(ABOVE ETL),0.25343430842985615,0.029526748971193412,0.24101835844675326,101,StackingRegressor
PBW(ABOVE ETL),0.8283741612421784,1.4642043895747598,3.1977088741622097,101,StackingRegressor
ABW(ABOVE ETL),0.003769907683510154,0.018655692729766808,0.236051190653751,101,StackingRegressor
Army Worm(ABOVE ETL),0.5028712774255072,1.243858024691358,2.5816189519164863,101,StackingRegressor
SBW(BELOW ETL),0.521665266794992,0.2155727023319616,1.064178956685318,101,StackingRegressor
PBW(BELOW ETL),0.8046224083188226,4.827283950617284,8.14518577883538,101,StackingRegressor
ABW(BELOW ETL),0.45923440863856335,0.5224931412894377,1.851502735610338,101,StackingRegressor
CLCV(%SPOT),0.8425355713060392,2.7126748971193417,5.8928303488128915,101,StackingRegressor
CLCV(%AREA),0.7546543567441846,3.3093689986282575,7.697983876400162,101,StackingRegressor
WILT(%SPOT),0.38477922524601427,0.4417695473251028,1.9742094491835314,101,StackingRegressor
WILT(%AREA),0.32009960809003835,0.4319272976680384,2.0827682361168343,101,StackingRegressor
